t,p,usd,strike
2025-09-16 22:34:00+00:00,0.12,2.4,<$7B
2025-09-16 22:49:26+00:00,0.13,2.6,<$7B
2025-09-16 22:49:26+00:00,0.13,2.6,<$7B
2025-09-16 23:05:04+00:00,0.09,1.8,<$7B
2025-09-16 23:05:04+00:00,0.09,1.8,<$7B
2025-09-16 23:05:04+00:00,0.09,1.8,<$7B
2025-09-16 23:05:42+00:00,0.08,1.6,<$7B
2025-09-16 23:05:42+00:00,0.08,1.6,<$7B
2025-09-16 23:09:20+00:00,0.08,2.4,<$7B
2025-09-16 23:09:20+00:00,0.08,1.6,<$7B
2025-09-16 23:10:46+00:00,0.07000000465000138,0.752688,<$7B
2025-09-16 23:42:00+00:00,0.07,0.525,<$7B
2025-09-16 23:42:08+00:00,0.07,2.8,<$7B
2025-09-16 23:42:08+00:00,0.07,3.325,<$7B
2025-09-16 23:42:08+00:00,0.07,0.875,<$7B
2025-09-16 23:46:32+00:00,0.07,10.5,<$7B
2025-09-16 23:46:40+00:00,0.07,14.2058,<$7B
2025-09-16 23:46:48+00:00,0.07,1.7941,<$7B
2025-09-16 23:46:58+00:00,0.07,3.0051,<$7B
2025-09-16 23:47:56+00:00,0.07,2.17,<$7B
2025-09-16 23:47:56+00:00,0.07,5.67,<$7B
2025-09-16 23:47:56+00:00,0.07,3.5,<$7B
2025-09-17 00:06:28+00:00,0.07699711260827719,10.0,<$7B
2025-09-17 00:06:28+00:00,0.08,6.4,<$7B
2025-09-17 00:06:28+00:00,0.08,0.87,<$7B
2025-09-17 00:06:28+00:00,0.07,1.4,<$7B
2025-09-17 00:06:28+00:00,0.07,1.33,<$7B
2025-09-17 00:18:42+00:00,0.06,0.06,<$7B
2025-09-17 00:18:42+00:00,0.06,1.2,<$7B
2025-09-17 00:19:46+00:00,0.06,5.94,<$7B
2025-09-17 00:19:46+00:00,0.06,6.0,<$7B
2025-09-17 00:19:46+00:00,0.06,1.2,<$7B
2025-09-17 00:19:46+00:00,0.06,1.2,<$7B
2025-09-17 00:19:46+00:00,0.06,29.64,<$7B
2025-09-17 00:19:46+00:00,0.06,15.3,<$7B
2025-09-17 00:33:20+00:00,0.06,1.2,<$7B
2025-09-17 00:33:28+00:00,0.06,1.2,<$7B
2025-09-17 00:53:08+00:00,0.06,1.05,<$7B
2025-09-17 00:59:44+00:00,0.07,1.4,<$7B
2025-09-17 00:59:44+00:00,0.06999999258823521,8.499999,<$7B
2025-09-17 00:59:44+00:00,0.07,1.4,<$7B
2025-09-17 01:00:00+00:00,0.06,0.3,<$7B
2025-09-17 01:21:06+00:00,0.06,1.8,<$7B
2025-09-17 01:21:36+00:00,0.06,1.8,<$7B
2025-09-17 01:43:52+00:00,0.06999993629999426,0.999999,<$7B
2025-09-17 01:44:10+00:00,0.06,0.3,<$7B
2025-09-17 02:00:00+00:00,0.06,0.5472,<$7B
2025-09-17 02:00:00+00:00,0.06,0.5472,<$7B
2025-09-17 02:04:16+00:00,0.07,7.0,<$7B
2025-09-17 02:30:32+00:00,0.07,19.1604,<$7B
2025-09-17 02:30:32+00:00,0.07,21.0,<$7B
2025-09-17 02:31:48+00:00,0.06,18.0,<$7B
2025-09-17 02:31:48+00:00,0.06,18.0,<$7B
2025-09-17 02:53:46+00:00,0.06,18.8028,<$7B
2025-09-17 02:53:46+00:00,0.06,3.0,<$7B
2025-09-17 02:53:46+00:00,0.06,2.1972,<$7B
2025-09-17 02:53:46+00:00,0.06,6.0,<$7B
2025-09-17 02:55:40+00:00,0.06,3.0,<$7B
2025-09-17 02:55:40+00:00,0.06,3.0,<$7B
2025-09-17 03:56:00+00:00,0.06999993629999426,0.999999,<$7B
2025-09-17 03:56:00+00:00,0.06999993629999426,0.999999,<$7B
2025-09-17 03:56:52+00:00,0.06,0.2856,<$7B
2025-09-17 05:02:06+00:00,0.06,0.8568,<$7B
2025-09-17 05:02:06+00:00,0.06,0.8568,<$7B
2025-09-17 05:58:20+00:00,0.060000037600487305,0.063829,<$7B
2025-09-17 06:23:38+00:00,0.06,0.247659,<$7B
2025-09-17 07:26:24+00:00,0.06,0.0456,<$7B
2025-09-17 07:26:24+00:00,0.06,0.7764,<$7B
2025-09-17 07:38:36+00:00,0.06999993629999426,0.999999,<$7B
2025-09-17 07:38:36+00:00,0.06999993629999426,0.999999,<$7B
2025-09-17 08:16:12+00:00,0.060000003760011265,0.319148,<$7B
2025-09-17 09:30:12+00:00,0.06,1.8,<$7B
2025-09-17 09:55:46+00:00,0.06,6.0,<$7B
2025-09-17 09:56:28+00:00,0.06,3.1044,<$7B
2025-09-17 10:01:14+00:00,0.05,1.0,<$7B
2025-09-17 10:01:14+00:00,0.05,0.5,<$7B
2025-09-17 10:49:22+00:00,0.05,7.7145,<$7B
2025-09-17 11:01:58+00:00,0.05,0.5,<$7B
2025-09-17 11:02:00+00:00,0.05,0.5,<$7B
2025-09-17 11:32:24+00:00,0.05,0.263157,<$7B
2025-09-17 11:35:32+00:00,0.05,0.423157,<$7B
2025-09-17 11:43:40+00:00,0.06,1.2,<$7B
2025-09-17 11:43:40+00:00,0.06,17.04,<$7B
2025-09-17 12:02:48+00:00,0.05,0.5,<$7B
2025-09-17 12:02:48+00:00,0.05,0.5,<$7B
2025-09-17 12:07:02+00:00,0.05,0.389,<$7B
2025-09-17 12:18:56+00:00,0.05,5.0,<$7B
2025-09-17 12:36:32+00:00,0.05,0.525842,<$7B
2025-09-17 12:36:32+00:00,0.05,0.211,<$7B
2025-09-17 13:04:24+00:00,0.05,5.0,<$7B
2025-09-17 13:04:34+00:00,0.05,0.5,<$7B
2025-09-17 13:04:34+00:00,0.05,4.5,<$7B
2025-09-17 13:04:34+00:00,0.05,1.0,<$7B
2025-09-17 13:04:34+00:00,0.05,1.0,<$7B
2025-09-17 13:04:34+00:00,0.04,14.2364,<$7B
2025-09-17 13:04:42+00:00,0.04,0.4,<$7B
2025-09-17 13:07:46+00:00,0.04,0.4,<$7B
2025-09-17 13:07:46+00:00,0.04,0.4,<$7B
2025-09-17 13:08:22+00:00,0.04,0.4,<$7B
2025-09-17 13:08:22+00:00,0.04,0.4,<$7B
2025-09-17 13:08:52+00:00,0.04,0.8,<$7B
2025-09-17 13:08:52+00:00,0.03,0.3,<$7B
2025-09-17 13:08:52+00:00,0.04,5.9636,<$7B
2025-09-17 13:08:52+00:00,0.03,0.24,<$7B
2025-09-17 13:09:00+00:00,0.01,0.0599,<$7B
2025-09-17 13:11:00+00:00,0.01,0.0599,<$7B
2025-09-17 13:11:00+00:00,0.01,0.0599,<$7B
2025-09-17 13:13:30+00:00,0.01,0.04,<$7B
2025-09-17 13:13:30+00:00,0.01,0.04,<$7B
2025-09-17 13:41:54+00:00,0.03,0.6,<$7B
2025-09-17 13:41:54+00:00,0.03,0.6,<$7B
2025-09-17 13:47:12+00:00,0.03,0.6,<$7B
2025-09-17 13:47:12+00:00,0.03,0.6,<$7B
2025-09-17 13:47:12+00:00,0.03,0.6,<$7B
2025-09-17 14:07:10+00:00,0.021,0.21,<$7B
2025-09-17 14:07:10+00:00,0.021,0.21,<$7B
2025-09-17 14:07:10+00:00,0.021000001163499427,0.126343,<$7B
2025-09-17 14:14:00+00:00,0.034,0.612,<$7B
2025-09-17 14:14:00+00:00,0.034381106627848525,0.999999,<$7B
2025-09-17 14:27:58+00:00,0.034367494051879145,4.999999,<$7B
2025-09-17 14:27:58+00:00,0.033,0.85833,<$7B
2025-09-17 14:52:46+00:00,0.021,0.21,<$7B
2025-09-17 14:52:46+00:00,0.021000000944983978,0.111113,<$7B
2025-09-17 14:53:20+00:00,0.021,0.21,<$7B
2025-09-17 14:53:20+00:00,0.021,0.21,<$7B
2025-09-17 14:54:12+00:00,0.01,0.1,<$7B
2025-09-17 15:13:34+00:00,0.02980768660983723,4.999999,<$7B
2025-09-17 15:13:34+00:00,0.030999946229086413,0.549999,<$7B
2025-09-17 15:13:34+00:00,0.031,1.55,<$7B
2025-09-17 16:27:44+00:00,0.03,6.7197,<$7B
2025-09-17 16:27:44+00:00,0.03,6.7197,<$7B
2025-09-17 16:52:02+00:00,0.03299996841899864,0.999999,<$7B
2025-09-17 16:52:02+00:00,0.03299996841899864,0.999999,<$7B
2025-09-17 17:09:26+00:00,0.033,2.29977,<$7B
2025-09-17 17:09:26+00:00,0.034,2.29636,<$7B
2025-09-17 17:09:26+00:00,0.033,3.96,<$7B
2025-09-17 17:09:26+00:00,0.035,2.8441,<$7B
2025-09-17 17:09:26+00:00,0.03420544730479306,19.23988,<$7B
2025-09-17 17:09:26+00:00,0.035,7.83965,<$7B
2025-09-17 17:10:02+00:00,0.04,0.4,<$7B
2025-09-17 17:11:08+00:00,0.1,1.0,<$7B
2025-09-17 17:22:48+00:00,0.081,4.05,<$7B
2025-09-17 17:40:36+00:00,0.2699999369999937,2.999999,<$7B
2025-09-17 17:48:06+00:00,0.03,0.6,<$7B
2025-09-17 18:01:02+00:00,0.05,1.0,<$7B
2025-09-17 18:01:02+00:00,0.05,3.5,<$7B
2025-09-17 18:08:34+00:00,0.041,0.41,<$7B
2025-09-17 18:08:34+00:00,0.041,0.41,<$7B
2025-09-17 18:10:30+00:00,0.055,5.5,<$7B
2025-09-17 18:10:30+00:00,0.056428571428571425,7.9,<$7B
2025-09-17 18:22:04+00:00,0.06100000086574511,1.831948,<$7B
2025-09-17 18:22:04+00:00,0.06100000209776819,0.610649,<$7B
2025-09-17 18:24:42+00:00,0.061,0.61,<$7B
2025-09-17 18:37:04+00:00,0.0606,6.06,<$7B
2025-09-17 18:37:04+00:00,0.061,3.66,<$7B
2025-09-17 18:37:04+00:00,0.06,1.2,<$7B
2025-09-17 18:44:52+00:00,0.0506,2.53,<$7B
2025-09-17 18:44:52+00:00,0.051,1.53,<$7B
2025-09-17 18:51:56+00:00,0.048,0.25584,<$7B
2025-09-17 18:51:56+00:00,0.04799998557299531,3.114159,<$7B
2025-09-17 18:51:56+00:00,0.047999986668249006,3.369999,<$7B
2025-09-17 18:56:52+00:00,0.041,0.41,<$7B
2025-09-17 19:10:08+00:00,0.037347988513399176,3.999999,<$7B
2025-09-17 19:10:08+00:00,0.037,2.58371,<$7B
2025-09-17 19:10:08+00:00,0.037999974671852926,1.416289,<$7B
2025-09-17 19:15:52+00:00,0.022,0.66,<$7B
2025-09-17 19:15:52+00:00,0.022,0.64042,<$7B
2025-09-17 19:15:52+00:00,0.02,0.4,<$7B
2025-09-17 19:15:52+00:00,0.032,0.48,<$7B
2025-09-17 19:15:52+00:00,0.031,0.31,<$7B
2025-09-17 19:15:52+00:00,0.022,0.33,<$7B
2025-09-17 19:15:52+00:00,0.021,4.2,<$7B
2025-09-17 19:15:52+00:00,0.02,4.6,<$7B
2025-09-17 19:15:52+00:00,0.022,0.38544,<$7B
2025-09-17 19:15:52+00:00,0.022,0.99,<$7B
2025-09-17 19:21:52+00:00,0.019,1.045,<$7B
2025-09-17 19:22:16+00:00,0.01100000007538119,0.145925,<$7B
2025-09-17 19:22:20+00:00,0.011,0.18403,<$7B
2025-09-17 19:22:20+00:00,0.01,0.132727,<$7B
2025-09-17 19:30:06+00:00,0.007,0.09289,<$7B
2025-09-17 19:30:06+00:00,0.007,0.09289,<$7B
2025-09-17 19:32:18+00:00,0.006,0.52038,<$7B
2025-09-17 19:32:18+00:00,0.005,4.56635,<$7B
2025-09-17 19:36:28+00:00,0.005,0.31365,<$7B
2025-09-17 19:36:28+00:00,0.005,0.31365,<$7B
2025-09-17 19:36:36+00:00,0.005,0.12,<$7B
2025-09-17 19:36:52+00:00,0.003,0.03,<$7B
2025-09-17 19:36:52+00:00,0.003,0.03,<$7B
2025-09-17 19:37:00+00:00,0.003,0.06,<$7B
2025-09-17 19:37:52+00:00,0.003,0.057,<$7B
2025-09-17 19:37:52+00:00,0.003,0.03,<$7B
2025-09-17 19:37:52+00:00,0.002,0.018,<$7B
2025-09-17 19:37:52+00:00,0.003,0.003,<$7B
2025-09-17 19:37:54+00:00,0.002,0.01142,<$7B
2025-09-17 19:40:12+00:00,0.002,0.04,<$7B
2025-09-17 19:41:02+00:00,0.002,0.05078,<$7B
2025-09-17 19:41:02+00:00,0.002,0.05078,<$7B
2025-09-17 19:42:28+00:00,0.002,0.02,<$7B
2025-09-17 19:42:28+00:00,0.002,0.08,<$7B
2025-09-17 19:42:48+00:00,0.002,0.052,<$7B
2025-09-17 19:43:14+00:00,0.002,0.02,<$7B
2025-09-17 19:43:14+00:00,0.002,0.05494,<$7B
2025-09-17 19:43:14+00:00,0.002,0.02,<$7B
2025-09-17 19:44:06+00:00,0.002,0.02,<$7B
2025-09-17 19:44:06+00:00,0.002,0.02,<$7B
2025-09-17 19:44:28+00:00,0.002,0.052,<$7B
2025-09-17 19:58:36+00:00,0.002,0.052,<$7B
2025-09-17 19:58:46+00:00,0.002,0.02,<$7B
2025-09-17 19:59:08+00:00,0.002,0.46886,<$7B
2025-09-17 19:59:08+00:00,0.001,0.46557,<$7B
2025-09-17 19:59:48+00:00,0.001,0.01437,<$7B
2025-09-17 20:00:20+00:00,0.001,0.03,<$7B
2025-09-17 20:00:20+00:00,0.001,0.01,<$7B
2025-09-17 20:01:00+00:00,0.001,0.01,<$7B
2025-09-17 20:01:00+00:00,0.001,0.01,<$7B
2025-09-17 20:29:02+00:00,0.001,0.47006,<$7B
2025-09-17 20:29:02+00:00,0.001,0.02,<$7B
2025-09-17 20:29:02+00:00,0.001,1.111,<$7B
2025-09-17 23:47:20+00:00,0.001,1.205,<$7B
2025-09-18 02:03:22+00:00,0.002,1.0,<$7B
2025-09-16 22:34:00+00:00,0.13,2.6,$7–8B
2025-09-16 22:49:12+00:00,0.14,2.8,$7–8B
2025-09-16 22:49:12+00:00,0.14,2.8,$7–8B
2025-09-16 23:03:56+00:00,0.1,2.0,$7–8B
2025-09-16 23:41:58+00:00,0.09,0.675,$7–8B
2025-09-16 23:42:08+00:00,0.09,1.8,$7–8B
2025-09-16 23:42:08+00:00,0.09,1.125,$7–8B
2025-09-16 23:42:08+00:00,0.09,6.075,$7–8B
2025-09-16 23:46:32+00:00,0.1,10.0,$7–8B
2025-09-16 23:46:32+00:00,0.1,5.0,$7–8B
2025-09-16 23:46:40+00:00,0.09,18.2646,$7–8B
2025-09-16 23:46:48+00:00,0.09,2.3067,$7–8B
2025-09-16 23:46:58+00:00,0.09,3.8637,$7–8B
2025-09-17 00:18:42+00:00,0.09,1.89,$7–8B
2025-09-17 00:33:20+00:00,0.09,1.8,$7–8B
2025-09-17 00:33:28+00:00,0.09,1.8,$7–8B
2025-09-17 00:53:06+00:00,0.09,1.575,$7–8B
2025-09-17 01:18:02+00:00,0.1,2.0,$7–8B
2025-09-17 01:18:02+00:00,0.1,2.0,$7–8B
2025-09-17 01:21:06+00:00,0.09,2.7,$7–8B
2025-09-17 01:21:36+00:00,0.09,2.7,$7–8B
2025-09-17 01:59:46+00:00,0.09,1.8,$7–8B
2025-09-17 01:59:46+00:00,0.09,1.8,$7–8B
2025-09-17 03:56:04+00:00,0.1,1.0,$7–8B
2025-09-17 03:56:24+00:00,0.09,1.575,$7–8B
2025-09-17 03:56:24+00:00,0.09,0.225,$7–8B
2025-09-17 03:56:24+00:00,0.09,0.225,$7–8B
2025-09-17 03:56:24+00:00,0.09,0.225,$7–8B
2025-09-17 03:56:24+00:00,0.09,1.8,$7–8B
2025-09-17 03:56:54+00:00,0.09,0.4284,$7–8B
2025-09-17 04:00:40+00:00,0.1,1.0,$7–8B
2025-09-17 04:00:58+00:00,0.09,0.45,$7–8B
2025-09-17 07:26:24+00:00,0.09,1.233,$7–8B
2025-09-17 07:38:42+00:00,0.1,2.0,$7–8B
2025-09-17 09:30:12+00:00,0.09,2.7,$7–8B
2025-09-17 09:55:46+00:00,0.09,0.9936,$7–8B
2025-09-17 09:55:46+00:00,0.09,8.0064,$7–8B
2025-09-17 09:56:28+00:00,0.09,4.6566,$7–8B
2025-09-17 10:01:14+00:00,0.09,2.7,$7–8B
2025-09-17 10:23:18+00:00,0.09,9.0,$7–8B
2025-09-17 10:23:18+00:00,0.09,6.363,$7–8B
2025-09-17 10:23:18+00:00,0.09,15.363,$7–8B
2025-09-17 10:47:22+00:00,0.1,10.0,$7–8B
2025-09-17 10:47:22+00:00,0.1,8.0,$7–8B
2025-09-17 10:49:22+00:00,0.09,13.8861,$7–8B
2025-09-17 11:01:58+00:00,0.09,0.9,$7–8B
2025-09-17 11:02:00+00:00,0.09,0.9,$7–8B
2025-09-17 11:10:46+00:00,0.09000000004452709,20.212417,$7–8B
2025-09-17 11:32:12+00:00,0.1,12.0,$7–8B
2025-09-17 11:43:40+00:00,0.09,0.9,$7–8B
2025-09-17 11:43:40+00:00,0.09,2.7,$7–8B
2025-09-17 11:44:34+00:00,0.1,9.0,$7–8B
2025-09-17 12:02:48+00:00,0.09,0.9,$7–8B
2025-09-17 12:07:02+00:00,0.09,0.7002,$7–8B
2025-09-17 12:18:56+00:00,0.09,1.8,$7–8B
2025-09-17 12:18:56+00:00,0.09,1.8,$7–8B
2025-09-17 12:18:56+00:00,0.09,2.5002,$7–8B
2025-09-17 12:18:56+00:00,0.09,2.8998,$7–8B
2025-09-17 13:04:24+00:00,0.08,8.0,$7–8B
2025-09-17 13:04:34+00:00,0.08,44.4,$7–8B
2025-09-17 13:04:34+00:00,0.08,4.2328,$7–8B
2025-09-17 13:04:34+00:00,0.08,0.8,$7–8B
2025-09-17 13:04:34+00:00,0.08,2.4,$7–8B
2025-09-17 13:04:42+00:00,0.08,0.8,$7–8B
2025-09-17 13:07:46+00:00,0.08,0.8,$7–8B
2025-09-17 13:07:46+00:00,0.08,0.8,$7–8B
2025-09-17 13:08:22+00:00,0.08,0.5672,$7–8B
2025-09-17 13:08:22+00:00,0.08,0.2328,$7–8B
2025-09-17 13:08:22+00:00,0.08,0.8,$7–8B
2025-09-17 13:08:52+00:00,0.08,13.5272,$7–8B
2025-09-17 13:08:52+00:00,0.08,0.8,$7–8B
2025-09-17 13:08:52+00:00,0.08,0.64,$7–8B
2025-09-17 13:08:52+00:00,0.08,0.8,$7–8B
2025-09-17 13:09:00+00:00,0.08,0.4792,$7–8B
2025-09-17 13:12:04+00:00,0.07,1.4,$7–8B
2025-09-17 13:12:04+00:00,0.06,0.3594,$7–8B
2025-09-17 13:12:04+00:00,0.08,1.1208,$7–8B
2025-09-17 13:41:58+00:00,0.06,0.3594,$7–8B
2025-09-17 13:41:58+00:00,0.06,0.3594,$7–8B
2025-09-17 13:48:48+00:00,0.06,1.2,$7–8B
2025-09-17 13:48:48+00:00,0.06,1.2,$7–8B
2025-09-17 13:49:00+00:00,0.05,1.0,$7–8B
2025-09-17 13:49:00+00:00,0.05,1.0,$7–8B
2025-09-17 14:04:36+00:00,0.06,1.2,$7–8B
2025-09-17 14:04:36+00:00,0.06,61.2,$7–8B
2025-09-17 14:07:10+00:00,0.06,0.6,$7–8B
2025-09-17 14:07:10+00:00,0.060000006584940965,0.364468,$7–8B
2025-09-17 14:07:10+00:00,0.06,0.6,$7–8B
2025-09-17 14:28:00+00:00,0.07,2.8,$7–8B
2025-09-17 14:28:00+00:00,0.06999998739999974,4.999999,$7–8B
2025-09-17 14:28:00+00:00,0.07,1.4,$7–8B
2025-09-17 14:47:54+00:00,0.07,3.5,$7–8B
2025-09-17 14:47:54+00:00,0.07,1.4,$7–8B
2025-09-17 14:47:54+00:00,0.07,7.0,$7–8B
2025-09-17 14:52:34+00:00,0.06,1.8,$7–8B
2025-09-17 14:52:40+00:00,0.06,3.0,$7–8B
2025-09-17 14:52:40+00:00,0.06,3.0,$7–8B
2025-09-17 14:52:46+00:00,0.06,0.6,$7–8B
2025-09-17 14:52:46+00:00,0.06,0.6,$7–8B
2025-09-17 14:52:46+00:00,0.06000000755020984,0.317872,$7–8B
2025-09-17 14:52:46+00:00,0.06,0.6,$7–8B
2025-09-17 14:54:12+00:00,0.06,0.6,$7–8B
2025-09-17 14:54:12+00:00,0.06,0.6,$7–8B
2025-09-17 15:15:02+00:00,0.06,0.6,$7–8B
2025-09-17 15:15:02+00:00,0.06,0.6,$7–8B
2025-09-17 16:25:10+00:00,0.08397058823529412,57.1,$7–8B
2025-09-17 16:25:10+00:00,0.08,4.0,$7–8B
2025-09-17 16:25:10+00:00,0.08,8.0,$7–8B
2025-09-17 16:25:10+00:00,0.08,6.4,$7–8B
2025-09-17 16:25:10+00:00,0.08,16.0,$7–8B
2025-09-17 16:25:10+00:00,0.1,4.0,$7–8B
2025-09-17 16:25:10+00:00,0.08,1.6,$7–8B
2025-09-17 16:29:14+00:00,0.10625,17.0,$7–8B
2025-09-17 16:29:14+00:00,0.1,2.0,$7–8B
2025-09-17 16:29:14+00:00,0.11,11.0,$7–8B
2025-09-17 16:47:42+00:00,0.3209090909090909,35.3,$7–8B
2025-09-17 16:47:42+00:00,0.34,6.8,$7–8B
2025-09-17 16:47:42+00:00,0.33,16.5,$7–8B
2025-09-17 16:50:00+00:00,0.41,8.2,$7–8B
2025-09-17 16:50:00+00:00,0.41,8.2,$7–8B
2025-09-17 16:50:10+00:00,0.4677,46.77,$7–8B
2025-09-17 16:50:10+00:00,0.48,28.32,$7–8B
2025-09-17 16:50:10+00:00,0.45,9.0,$7–8B
2025-09-17 16:52:26+00:00,0.44,9.24,$7–8B
2025-09-17 17:00:28+00:00,0.46,9.2,$7–8B
2025-09-17 17:00:28+00:00,0.46,9.2,$7–8B
2025-09-17 17:01:24+00:00,0.3,2.7,$7–8B
2025-09-17 17:01:24+00:00,0.3,2.7,$7–8B
2025-09-17 17:10:34+00:00,0.4,4.0,$7–8B
2025-09-17 17:14:08+00:00,0.4,16.0,$7–8B
2025-09-17 17:41:24+00:00,0.5099999910749997,19.999999,$7–8B
2025-09-17 17:41:24+00:00,0.5099999910749997,19.999999,$7–8B
2025-09-17 17:44:28+00:00,0.48,0.8544,$7–8B
2025-09-17 17:44:28+00:00,0.48,0.8544,$7–8B
2025-09-17 17:48:06+00:00,0.5,10.0,$7–8B
2025-09-17 17:59:38+00:00,0.47,4.7,$7–8B
2025-09-17 18:14:50+00:00,0.48,48.0,$7–8B
2025-09-17 18:14:50+00:00,0.48,48.0,$7–8B
2025-09-17 18:22:02+00:00,0.56,56.0,$7–8B
2025-09-17 18:22:02+00:00,0.5865921779844574,99.999999,$7–8B
2025-09-17 18:22:02+00:00,0.6299999977031249,19.199999,$7–8B
2025-09-17 18:24:42+00:00,0.629999991249999,7.199999,$7–8B
2025-09-17 18:24:42+00:00,0.59,11.8,$7–8B
2025-09-17 18:24:42+00:00,0.6034482725326991,24.999999,$7–8B
2025-09-17 18:53:48+00:00,0.5,1.0,$7–8B
2025-09-17 18:56:54+00:00,0.55,11.0,$7–8B
2025-09-17 18:56:56+00:00,0.55,9.625,$7–8B
2025-09-17 18:58:20+00:00,0.5489625612765318,64.979999,$7–8B
2025-09-17 18:58:20+00:00,0.5499999971721783,58.348799,$7–8B
2025-09-17 19:04:04+00:00,0.5499999895499997,49.999998,$7–8B
2025-09-17 19:04:04+00:00,0.5499999895499997,49.999998,$7–8B
2025-09-17 19:09:56+00:00,0.5499999931249997,19.999999,$7–8B
2025-09-17 19:09:56+00:00,0.5499999931249997,19.999999,$7–8B
2025-09-17 19:16:26+00:00,0.55,50.05,$7–8B
2025-09-17 19:16:26+00:00,0.55,50.05,$7–8B
2025-09-17 19:16:50+00:00,0.27,8.1,$7–8B
2025-09-17 19:16:50+00:00,0.42,9.996,$7–8B
2025-09-17 19:16:50+00:00,0.06,3.6,$7–8B
2025-09-17 19:16:50+00:00,0.06,1.2,$7–8B
2025-09-17 19:16:50+00:00,0.22,2.2,$7–8B
2025-09-17 19:16:50+00:00,0.08,0.8,$7–8B
2025-09-17 19:16:50+00:00,0.05,0.8335,$7–8B
2025-09-17 19:16:50+00:00,0.15679885023757845,26.7295,$7–8B
2025-09-17 19:22:16+00:00,0.48999998959905633,21.199999,$7–8B
2025-09-17 19:26:58+00:00,0.2,18.18,$7–8B
2025-09-17 19:26:58+00:00,0.2,18.18,$7–8B
2025-09-17 19:35:34+00:00,0.27,2.43,$7–8B
2025-09-17 19:36:52+00:00,0.26,2.6,$7–8B
2025-09-17 19:36:52+00:00,0.26,2.6,$7–8B
2025-09-17 19:37:00+00:00,0.2633333333333333,15.8,$7–8B
2025-09-17 19:38:02+00:00,0.27,2.7,$7–8B
2025-09-17 19:38:02+00:00,0.27,5.13,$7–8B
2025-09-17 19:38:12+00:00,0.29,5.8,$7–8B
2025-09-17 19:38:12+00:00,0.29,5.8,$7–8B
2025-09-17 19:40:12+00:00,0.27,5.4,$7–8B
2025-09-17 19:40:36+00:00,0.33,13.2,$7–8B
2025-09-17 19:41:12+00:00,0.25675561560547205,15.2025,$7–8B
2025-09-17 19:41:12+00:00,0.25,4.8025,$7–8B
2025-09-17 19:42:28+00:00,0.24,12.0,$7–8B
2025-09-17 19:42:28+00:00,0.24,12.0,$7–8B
2025-09-17 19:42:48+00:00,0.33061032863849765,23.2386,$7–8B
2025-09-17 19:43:14+00:00,0.24,2.4,$7–8B
2025-09-17 19:43:14+00:00,0.24,2.4,$7–8B
2025-09-17 19:43:14+00:00,0.24,4.8,$7–8B
2025-09-17 19:44:28+00:00,0.315893385982231,20.0,$7–8B
2025-09-17 19:45:24+00:00,0.24,9.6,$7–8B
2025-09-17 19:46:10+00:00,0.24,9.6,$7–8B
2025-09-17 19:46:10+00:00,0.24,9.6,$7–8B
2025-09-17 19:47:26+00:00,0.225798144290854,11.9244,$7–8B
2025-09-17 19:47:26+00:00,0.23,3.45,$7–8B
2025-09-17 19:47:26+00:00,0.22,6.6,$7–8B
2025-09-17 19:49:20+00:00,0.04,0.8188,$7–8B
2025-09-17 19:49:20+00:00,0.07,1.4,$7–8B
2025-09-17 19:49:20+00:00,0.05,1.0,$7–8B
2025-09-17 19:49:20+00:00,0.05306112852664577,3.3853,$7–8B
2025-09-17 19:49:20+00:00,0.05,0.1665,$7–8B
2025-09-17 19:54:48+00:00,0.02,2.0,$7–8B
2025-09-17 19:55:48+00:00,0.04,4.0,$7–8B
2025-09-17 19:55:48+00:00,0.04,4.0,$7–8B
2025-09-17 19:55:54+00:00,0.05,3.0,$7–8B
2025-09-17 19:55:54+00:00,0.05,3.0,$7–8B
2025-09-17 19:56:38+00:00,0.08,5.6192,$7–8B
2025-09-17 19:56:38+00:00,0.08,2.4192,$7–8B
2025-09-17 19:56:38+00:00,0.08,3.2,$7–8B
2025-09-17 19:58:22+00:00,0.07,2.8,$7–8B
2025-09-17 19:58:36+00:00,0.07,1.82,$7–8B
2025-09-17 19:58:46+00:00,0.06,0.6,$7–8B
2025-09-17 19:59:48+00:00,0.23999997849108895,6.694899,$7–8B
2025-09-17 19:59:48+00:00,0.23660004284827205,9.999999,$7–8B
2025-09-17 20:00:20+00:00,0.01,0.1,$7–8B
2025-09-17 20:00:20+00:00,0.01,0.2,$7–8B
2025-09-17 20:19:04+00:00,0.02,1.99,$7–8B
2025-09-17 20:23:34+00:00,0.03,6.7518,$7–8B
2025-09-17 20:23:34+00:00,0.03,0.8445,$7–8B
2025-09-17 20:23:34+00:00,0.034872703845244046,29.999999,$7–8B
2025-09-17 20:58:28+00:00,0.001,0.01,$7–8B
2025-09-17 20:58:28+00:00,0.001,0.01,$7–8B
2025-09-17 21:34:36+00:00,0.002,0.03058,$7–8B
2025-09-17 21:34:36+00:00,0.002,0.06058,$7–8B
2025-09-17 21:34:36+00:00,0.002,0.03,$7–8B
2025-09-17 23:41:08+00:00,0.02,0.4,$7–8B
2025-09-17 23:41:08+00:00,0.021,0.63,$7–8B
2025-09-18 00:48:46+00:00,0.003,0.45,$7–8B
2025-09-18 00:48:46+00:00,0.003,0.02748,$7–8B
2025-09-18 01:08:34+00:00,0.003,0.03,$7–8B
2025-09-18 01:08:34+00:00,0.003,0.03,$7–8B
2025-09-18 01:08:50+00:00,0.003,0.03,$7–8B
2025-09-18 01:08:50+00:00,0.003,0.03,$7–8B
2025-09-18 01:10:18+00:00,0.003,0.06567,$7–8B
2025-09-18 01:10:50+00:00,0.003,0.3,$7–8B
2025-09-18 01:10:50+00:00,0.003,0.26433,$7–8B
2025-09-18 01:11:16+00:00,0.002,0.218,$7–8B
2025-09-18 01:18:00+00:00,0.001,0.01,$7–8B
2025-09-18 01:18:00+00:00,0.001,0.685,$7–8B
2025-09-16 22:34:00+00:00,0.15,3.0,$8–9B
2025-09-16 22:49:00+00:00,0.16,3.2,$8–9B
2025-09-16 22:49:00+00:00,0.16,3.2,$8–9B
2025-09-16 22:55:24+00:00,0.11,2.2,$8–9B
2025-09-16 22:55:24+00:00,0.11,2.2,$8–9B
2025-09-16 22:59:32+00:00,0.13,2.6,$8–9B
2025-09-16 22:59:32+00:00,0.13,2.6,$8–9B
2025-09-16 23:38:32+00:00,0.13,5.2,$8–9B
2025-09-16 23:38:32+00:00,0.13,13.0,$8–9B
2025-09-16 23:38:32+00:00,0.13,39.13,$8–9B
2025-09-16 23:41:58+00:00,0.13,0.975,$8–9B
2025-09-16 23:42:06+00:00,0.13,13.0,$8–9B
2025-09-16 23:46:32+00:00,0.13,11.895,$8–9B
2025-09-16 23:46:32+00:00,0.13,4.875,$8–9B
2025-09-16 23:46:40+00:00,0.13,26.3822,$8–9B
2025-09-16 23:46:48+00:00,0.13,3.3319,$8–9B
2025-09-16 23:46:58+00:00,0.13,1.17,$8–9B
2025-09-16 23:46:58+00:00,0.13,4.4109,$8–9B
2025-09-17 00:18:42+00:00,0.13,2.73,$8–9B
2025-09-17 00:19:58+00:00,0.13,65.0,$8–9B
2025-09-17 00:19:58+00:00,0.13,65.0,$8–9B
2025-09-17 00:33:20+00:00,0.13,2.6,$8–9B
2025-09-17 00:33:28+00:00,0.13,0.65,$8–9B
2025-09-17 00:41:38+00:00,0.13999999102974817,13.109999,$8–9B
2025-09-17 00:53:08+00:00,0.13,1.625,$8–9B
2025-09-17 00:57:48+00:00,0.14,4.2,$8–9B
2025-09-17 01:12:12+00:00,0.13,12.1732,$8–9B
2025-09-17 01:12:12+00:00,0.13,12.1732,$8–9B
2025-09-17 01:21:06+00:00,0.13,3.9,$8–9B
2025-09-17 01:21:36+00:00,0.13,3.9,$8–9B
2025-09-17 02:01:28+00:00,0.13999988239998118,0.999999,$8–9B
2025-09-17 02:58:10+00:00,0.14,14.0,$8–9B
2025-09-17 03:38:28+00:00,0.14,1.4,$8–9B
2025-09-17 03:56:12+00:00,0.13999988239998118,0.999999,$8–9B
2025-09-17 03:56:52+00:00,0.13,0.6188,$8–9B
2025-09-17 06:01:04+00:00,0.13999994259999485,1.999999,$8–9B
2025-09-17 06:50:46+00:00,0.13000000870001732,0.149425,$8–9B
2025-09-17 07:00:58+00:00,0.1300000243600188,0.373563,$8–9B
2025-09-17 07:11:22+00:00,0.13999999885199998,99.999999,$8–9B
2025-09-17 07:11:22+00:00,0.14,14.0,$8–9B
2025-09-17 07:11:38+00:00,0.13,0.65,$8–9B
2025-09-17 07:26:24+00:00,0.13,1.781,$8–9B
2025-09-17 07:38:46+00:00,0.13999994259999485,1.999999,$8–9B
2025-09-17 09:27:08+00:00,0.14,173.3452,$8–9B
2025-09-17 09:27:08+00:00,0.14,77.7,$8–9B
2025-09-17 09:27:08+00:00,0.14,1.4,$8–9B
2025-09-17 09:27:28+00:00,0.13,0.65,$8–9B
2025-09-17 09:55:50+00:00,0.15,15.0,$8–9B
2025-09-17 09:55:50+00:00,0.15,15.0,$8–9B
2025-09-17 09:56:28+00:00,0.15,15.0,$8–9B
2025-09-17 09:58:22+00:00,0.15,15.0,$8–9B
2025-09-17 10:01:14+00:00,0.15,90.75,$8–9B
2025-09-17 10:49:22+00:00,0.16,9.6,$8–9B
2025-09-17 10:51:30+00:00,0.16,9.6,$8–9B
2025-09-17 10:51:30+00:00,0.16,25.6,$8–9B
2025-09-17 11:01:58+00:00,0.16,3.2,$8–9B
2025-09-17 11:24:04+00:00,0.17093023255813952,73.5,$8–9B
2025-09-17 11:43:40+00:00,0.16,3.2,$8–9B
2025-09-17 11:43:40+00:00,0.15,1.5,$8–9B
2025-09-17 11:44:14+00:00,0.15,1.5,$8–9B
2025-09-17 11:44:14+00:00,0.15,1.5,$8–9B
2025-09-17 12:00:20+00:00,0.16,3.2,$8–9B
2025-09-17 12:07:04+00:00,0.17999997551999844,4.999999,$8–9B
2025-09-17 12:18:56+00:00,0.17,17.0,$8–9B
2025-09-17 12:18:56+00:00,0.18,9.0,$8–9B
2025-09-17 12:49:10+00:00,0.18999976059982285,0.499999,$8–9B
2025-09-17 12:49:10+00:00,0.18999998802999957,9.999999,$8–9B
2025-09-17 13:04:18+00:00,0.19,18.4984,$8–9B
2025-09-17 13:04:18+00:00,0.19,18.4984,$8–9B
2025-09-17 13:04:24+00:00,0.2,60.0,$8–9B
2025-09-17 13:04:24+00:00,0.18,18.0,$8–9B
2025-09-17 13:04:34+00:00,0.2,20.0,$8–9B
2025-09-17 13:04:34+00:00,0.20839552887379498,155.8611,$8–9B
2025-09-17 13:04:42+00:00,0.19,1.9,$8–9B
2025-09-17 13:07:46+00:00,0.21,109.2,$8–9B
2025-09-17 13:08:22+00:00,0.21923076923076923,5.7,$8–9B
2025-09-17 13:08:52+00:00,0.22,37.1998,$8–9B
2025-09-17 13:08:52+00:00,0.22,1.76,$8–9B
2025-09-17 13:08:52+00:00,0.21,4.2,$8–9B
2025-09-17 13:11:26+00:00,0.25,442.5,$8–9B
2025-09-17 13:12:12+00:00,0.25,14.995,$8–9B
2025-09-17 13:13:48+00:00,0.25,20.0,$8–9B
2025-09-17 13:34:42+00:00,0.25,2.5,$8–9B
2025-09-17 13:50:54+00:00,0.25,3.0,$8–9B
2025-09-17 13:57:32+00:00,0.26,6.76,$8–9B
2025-09-17 14:07:10+00:00,0.4,12.0,$8–9B
2025-09-17 14:07:10+00:00,0.44,48.3868,$8–9B
2025-09-17 14:14:52+00:00,0.32,1.0,$8–9B
2025-09-17 14:25:30+00:00,0.34,6.8,$8–9B
2025-09-17 14:37:30+00:00,0.36,19.998,$8–9B
2025-09-17 14:38:36+00:00,0.36,8.802,$8–9B
2025-09-17 14:52:46+00:00,0.4249999914999996,14.999999,$8–9B
2025-09-17 14:54:12+00:00,0.34,3.4,$8–9B
2025-09-17 14:54:12+00:00,0.34,3.4,$8–9B
2025-09-17 15:15:02+00:00,0.39,3.9,$8–9B
2025-09-17 15:39:50+00:00,0.33,10.89,$8–9B
2025-09-17 15:48:56+00:00,0.31,9.3,$8–9B
2025-09-17 16:01:30+00:00,0.29,2.9,$8–9B
2025-09-17 16:27:16+00:00,0.31,6.2,$8–9B
2025-09-17 16:27:28+00:00,0.31,12.4,$8–9B
2025-09-17 16:46:28+00:00,0.51,10.2,$8–9B
2025-09-17 17:00:34+00:00,0.48,9.6,$8–9B
2025-09-17 17:10:34+00:00,0.34,3.4,$8–9B
2025-09-17 17:11:26+00:00,0.4,71.23,$8–9B
2025-09-17 17:11:26+00:00,0.4,71.23,$8–9B
2025-09-17 17:13:08+00:00,0.36,7.2,$8–9B
2025-09-17 17:13:18+00:00,0.34,10.2,$8–9B
2025-09-17 17:43:46+00:00,0.37999996199999114,2.999999,$8–9B
2025-09-17 17:43:46+00:00,0.37999996199999114,2.999999,$8–9B
2025-09-17 17:43:54+00:00,0.38,34.998,$8–9B
2025-09-17 17:43:54+00:00,0.3835186488388459,54.498,$8–9B
2025-09-17 17:48:06+00:00,0.4,8.0,$8–9B
2025-09-17 17:50:06+00:00,0.41,4.1,$8–9B
2025-09-17 17:50:06+00:00,0.41,4.1,$8–9B
2025-09-17 17:53:52+00:00,0.41,36.9,$8–9B
2025-09-17 17:53:52+00:00,0.41257366967164705,49.999999,$8–9B
2025-09-17 17:54:44+00:00,0.4,32.0,$8–9B
2025-09-17 17:54:44+00:00,0.4,40.0,$8–9B
2025-09-17 17:56:54+00:00,0.41,4.1,$8–9B
2025-09-17 17:58:54+00:00,0.4,8.0,$8–9B
2025-09-17 17:59:30+00:00,0.39,3.081,$8–9B
2025-09-17 18:14:32+00:00,0.33,6.6,$8–9B
2025-09-17 18:14:32+00:00,0.33,6.6,$8–9B
2025-09-17 18:17:26+00:00,0.34,6.8,$8–9B
2025-09-17 18:17:26+00:00,0.34,6.8,$8–9B
2025-09-17 18:17:34+00:00,0.34,6.8,$8–9B
2025-09-17 18:17:34+00:00,0.34,6.8,$8–9B
2025-09-17 18:24:18+00:00,0.33,6.6,$8–9B
2025-09-17 18:24:18+00:00,0.33,9.9,$8–9B
2025-09-17 18:24:18+00:00,0.33,26.4,$8–9B
2025-09-17 18:24:18+00:00,0.33,42.9,$8–9B
2025-09-17 18:24:42+00:00,0.31,3.1,$8–9B
2025-09-17 18:24:46+00:00,0.33999997846666447,5.999999,$8–9B
2025-09-17 18:24:46+00:00,0.33999997846666447,5.999999,$8–9B
2025-09-17 18:25:06+00:00,0.34,27.999,$8–9B
2025-09-17 18:25:06+00:00,0.34,27.999,$8–9B
2025-09-17 18:30:24+00:00,0.32,3.2032,$8–9B
2025-09-17 18:30:24+00:00,0.32,6.4,$8–9B
2025-09-17 18:30:24+00:00,0.32,6.4,$8–9B
2025-09-17 18:30:24+00:00,0.32,3.2032,$8–9B
2025-09-17 18:30:52+00:00,0.37,7.4,$8–9B
2025-09-17 18:30:52+00:00,0.37,37.0,$8–9B
2025-09-17 18:32:04+00:00,0.34000000897959476,1.514545,$8–9B
2025-09-17 18:38:38+00:00,0.36,7.2,$8–9B
2025-09-17 18:38:38+00:00,0.36,7.2,$8–9B
2025-09-17 18:40:18+00:00,0.38,7.6,$8–9B
2025-09-17 18:40:18+00:00,0.38,7.6,$8–9B
2025-09-17 18:53:58+00:00,0.4,1.0,$8–9B
2025-09-17 18:57:06+00:00,0.37,2.9193,$8–9B
2025-09-17 18:57:06+00:00,0.37,2.9193,$8–9B
2025-09-17 18:57:08+00:00,0.4,7.0,$8–9B
2025-09-17 18:57:36+00:00,0.37,7.4,$8–9B
2025-09-17 18:57:36+00:00,0.37,7.4,$8–9B
2025-09-17 18:58:20+00:00,0.41,292.8548,$8–9B
2025-09-17 18:58:20+00:00,0.41,41.0,$8–9B
2025-09-17 18:58:20+00:00,0.40981554579997787,444.3548,$8–9B
2025-09-17 18:58:58+00:00,0.42,8.4,$8–9B
2025-09-17 18:59:56+00:00,0.42,19.9962,$8–9B
2025-09-17 18:59:56+00:00,0.42,28.3962,$8–9B
2025-09-17 19:01:50+00:00,0.42,27.405,$8–9B
2025-09-17 19:01:50+00:00,0.42,7.4088,$8–9B
2025-09-17 19:01:50+00:00,0.42,19.9962,$8–9B
2025-09-17 19:02:02+00:00,0.41,227.55,$8–9B
2025-09-17 19:02:02+00:00,0.41,227.55,$8–9B
2025-09-17 19:10:42+00:00,0.43999997066665886,2.999999,$8–9B
2025-09-17 19:10:42+00:00,0.43999988999989,0.799999,$8–9B
2025-09-17 19:16:58+00:00,0.4,20.0,$8–9B
2025-09-17 19:16:58+00:00,0.41,19.9998,$8–9B
2025-09-17 19:16:58+00:00,0.4049382466086252,39.9998,$8–9B
2025-09-17 19:17:32+00:00,0.6973608718456179,99.999996,$8–9B
2025-09-17 19:17:32+00:00,0.8,18.576,$8–9B
2025-09-17 19:17:32+00:00,0.49,9.8,$8–9B
2025-09-17 19:17:32+00:00,0.5,3.75,$8–9B
2025-09-17 19:17:32+00:00,0.73,10.95,$8–9B
2025-09-17 19:17:32+00:00,0.75,9.0,$8–9B
2025-09-17 19:17:32+00:00,0.72,27.0,$8–9B
2025-09-17 19:18:28+00:00,0.4899999943172464,26.729999,$8–9B
2025-09-17 19:18:28+00:00,0.4899999943172464,26.729999,$8–9B
2025-09-17 19:21:00+00:00,0.62,12.4,$8–9B
2025-09-17 19:21:00+00:00,0.6368159203980099,100.0,$8–9B
2025-09-17 19:21:00+00:00,0.64,81.3,$8–9B
2025-09-17 19:22:16+00:00,0.5300000135576941,7.036595,$8–9B
2025-09-17 19:22:20+00:00,0.5400000051111115,16.904347,$8–9B
2025-09-17 19:25:00+00:00,0.6400000462857248,4.977777,$8–9B
2025-09-17 19:27:50+00:00,0.74,7.4,$8–9B
2025-09-17 19:27:50+00:00,0.74,7.4,$8–9B
2025-09-17 19:28:00+00:00,0.74,14.8,$8–9B
2025-09-17 19:28:06+00:00,0.74,11.1,$8–9B
2025-09-17 19:28:06+00:00,0.74,11.1,$8–9B
2025-09-17 19:29:02+00:00,0.79,52.14,$8–9B
2025-09-17 19:29:02+00:00,0.79,31.6,$8–9B
2025-09-17 19:34:40+00:00,0.75,25.335,$8–9B
2025-09-17 19:34:50+00:00,0.75,4.665,$8–9B
2025-09-17 19:35:06+00:00,0.720000126092742,3.882857,$8–9B
2025-09-17 19:35:46+00:00,0.729999967879995,4.999999,$8–9B
2025-09-17 19:36:48+00:00,0.73,29.2,$8–9B
2025-09-17 19:37:00+00:00,0.73,7.3,$8–9B
2025-09-17 19:37:26+00:00,0.74,7.4,$8–9B
2025-09-17 19:37:26+00:00,0.74,36.3118,$8–9B
2025-09-17 19:37:36+00:00,0.7100000420500044,9.793103,$8–9B
2025-09-17 19:37:52+00:00,0.72,13.68,$8–9B
2025-09-17 19:38:38+00:00,0.73,7.3,$8–9B
2025-09-17 19:40:12+00:00,0.72,9.9288,$8–9B
2025-09-17 19:40:12+00:00,0.7332569814458479,51.739997,$8–9B
2025-09-17 19:41:16+00:00,0.63,8.9964,$8–9B
2025-09-17 19:42:18+00:00,0.72,18.72,$8–9B
2025-09-17 19:42:18+00:00,0.72,18.72,$8–9B
2025-09-17 19:43:14+00:00,0.7564613169044486,55.579999,$8–9B
2025-09-17 19:44:06+00:00,0.7782995627850247,119.999998,$8–9B
2025-09-17 19:48:10+00:00,0.84,33.6,$8–9B
2025-09-17 19:49:24+00:00,0.9,13.5,$8–9B
2025-09-17 19:49:24+00:00,0.9,13.5,$8–9B
2025-09-17 19:49:32+00:00,0.91,9.1,$8–9B
2025-09-17 19:52:40+00:00,0.9043220753793441,92.3765,$8–9B
2025-09-17 19:56:12+00:00,0.9,9.0,$8–9B
2025-09-17 19:58:36+00:00,0.9285355348169418,90.5415,$8–9B
2025-09-17 19:58:36+00:00,0.93,24.18,$8–9B
2025-09-17 19:58:36+00:00,0.92,13.1376,$8–9B
2025-09-17 19:58:46+00:00,0.9333714285714285,163.34,$8–9B
2025-09-17 20:00:04+00:00,0.97,106.1762,$8–9B
2025-09-17 20:00:04+00:00,0.97,9.7,$8–9B
2025-09-17 20:00:04+00:00,0.97,86.7762,$8–9B
2025-09-17 20:00:04+00:00,0.97,9.7,$8–9B
2025-09-17 20:00:20+00:00,0.9790578987271059,245.3617,$8–9B
2025-09-17 20:00:20+00:00,0.97,77.2217,$8–9B
2025-09-17 20:01:44+00:00,0.98,8.5946,$8–9B
2025-09-17 20:02:08+00:00,0.99,99.0,$8–9B
2025-09-17 20:03:46+00:00,0.9858220765726161,123.3362,$8–9B
2025-09-17 20:13:56+00:00,0.98,333.2,$8–9B
2025-09-17 20:13:56+00:00,0.98,333.2,$8–9B
2025-09-17 20:21:40+00:00,0.985,1751.00495,$8–9B
2025-09-17 20:21:40+00:00,0.9849467425053391,1849.40495,$8–9B
2025-09-17 20:26:40+00:00,0.99,43.56,$8–9B
2025-09-17 20:31:16+00:00,0.981,19.62,$8–9B
2025-09-17 20:31:50+00:00,0.99,119.79,$8–9B
2025-09-17 20:31:50+00:00,0.99,119.79,$8–9B
2025-09-17 20:37:06+00:00,0.99,0.1881,$8–9B
2025-09-17 20:37:06+00:00,0.99,0.1881,$8–9B
2025-09-17 20:42:58+00:00,0.99,148.3119,$8–9B
2025-09-17 20:42:58+00:00,0.9876597763131616,296.71275,$8–9B
2025-09-17 20:42:58+00:00,0.985,99.10085,$8–9B
2025-09-17 20:42:58+00:00,0.986,49.3,$8–9B
2025-09-17 20:56:12+00:00,0.988,29.64,$8–9B
2025-09-17 20:56:12+00:00,0.989,29.67,$8–9B
2025-09-17 20:56:12+00:00,0.9880416496529195,72.59142,$8–9B
2025-09-17 20:56:12+00:00,0.986,13.28142,$8–9B
2025-09-17 21:09:40+00:00,0.991,99.1,$8–9B
2025-09-17 21:19:52+00:00,0.986,14.08008,$8–9B
2025-09-17 21:19:52+00:00,0.986,14.08008,$8–9B
2025-09-17 21:31:54+00:00,0.987,7.04718,$8–9B
2025-09-17 21:31:54+00:00,0.987,7.04718,$8–9B
2025-09-17 21:38:24+00:00,0.989,68.241,$8–9B
2025-09-17 21:38:32+00:00,0.989,34.1205,$8–9B
2025-09-17 21:43:18+00:00,0.986,21.9385,$8–9B
2025-09-17 21:43:18+00:00,0.985,64.68495,$8–9B
2025-09-17 21:43:18+00:00,0.99,68.31,$8–9B
2025-09-17 21:43:18+00:00,0.9852530709736124,86.62345,$8–9B
2025-09-17 21:43:18+00:00,0.99,68.31,$8–9B
2025-09-17 21:45:16+00:00,0.996,36.98148,$8–9B
2025-09-17 21:45:16+00:00,0.996,36.98148,$8–9B
2025-09-17 22:43:38+00:00,0.991,29.73,$8–9B
2025-09-17 22:43:38+00:00,0.9904285714285714,69.33,$8–9B
2025-09-17 22:43:38+00:00,0.99,39.6,$8–9B
2025-09-17 22:43:42+00:00,0.99,29.7,$8–9B
2025-09-17 22:43:42+00:00,0.99,29.7,$8–9B
2025-09-17 22:58:34+00:00,0.999,23.56641,$8–9B
2025-09-17 22:58:34+00:00,0.997,59.81003,$8–9B
2025-09-17 23:18:44+00:00,0.96,38.4,$8–9B
2025-09-17 23:35:56+00:00,0.93,55.8,$8–9B
2025-09-17 23:40:08+00:00,0.9558636363636364,105.145,$8–9B
2025-09-17 23:40:24+00:00,0.969,24.225,$8–9B
2025-09-18 00:14:48+00:00,0.98,29.4,$8–9B
2025-09-18 00:28:28+00:00,0.994,3.999856,$8–9B
2025-09-18 00:46:16+00:00,0.98,6.7032,$8–9B
2025-09-18 00:48:00+00:00,0.9954662261141313,611.59454,$8–9B
2025-09-18 00:48:38+00:00,0.996,22.49964,$8–9B
2025-09-18 01:08:34+00:00,0.998,99.8,$8–9B
2025-09-18 01:08:34+00:00,0.997625,159.62,$8–9B
2025-09-18 01:08:50+00:00,0.997,19.94,$8–9B
2025-09-18 01:16:58+00:00,0.999,14.26572,$8–9B
2025-09-18 01:16:58+00:00,0.999,69.81012,$8–9B
2025-09-18 01:16:58+00:00,0.999,1883.27484,$8–9B
2025-09-16 22:34:00+00:00,0.15,3.0,$9–10B
2025-09-16 22:48:36+00:00,0.16,6.4,$9–10B
2025-09-16 22:48:36+00:00,0.16,3.2,$9–10B
2025-09-16 22:48:54+00:00,0.16,6.4,$9–10B
2025-09-16 22:48:54+00:00,0.16,6.4,$9–10B
2025-09-16 23:38:22+00:00,0.19,19.0,$9–10B
2025-09-16 23:38:22+00:00,0.19,40.09,$9–10B
2025-09-16 23:41:58+00:00,0.19,1.425,$9–10B
2025-09-16 23:42:06+00:00,0.19,19.0,$9–10B
2025-09-16 23:46:32+00:00,0.19,28.5,$9–10B
2025-09-16 23:46:40+00:00,0.19,5.985,$9–10B
2025-09-16 23:46:40+00:00,0.19,3.8,$9–10B
2025-09-16 23:46:40+00:00,0.19,28.7736,$9–10B
2025-09-16 23:46:48+00:00,0.19,4.8697,$9–10B
2025-09-16 23:46:58+00:00,0.19,4.3567,$9–10B
2025-09-16 23:47:50+00:00,0.2,5.2,$9–10B
2025-09-16 23:51:52+00:00,0.18,45.9,$9–10B
2025-09-17 00:33:20+00:00,0.18,3.6,$9–10B
2025-09-17 00:33:28+00:00,0.18,3.6,$9–10B
2025-09-17 00:53:08+00:00,0.18,3.15,$9–10B
2025-09-17 00:53:32+00:00,0.19,13.3,$9–10B
2025-09-17 00:53:32+00:00,0.19,9.5,$9–10B
2025-09-17 00:53:32+00:00,0.19,3.8,$9–10B
2025-09-17 01:12:38+00:00,0.18999995018726032,2.669999,$9–10B
2025-09-17 01:12:38+00:00,0.189999989071487,12.169999,$9–10B
2025-09-17 01:12:38+00:00,0.19,9.5,$9–10B
2025-09-17 01:21:06+00:00,0.18,5.4,$9–10B
2025-09-17 01:21:36+00:00,0.18,5.4,$9–10B
2025-09-17 01:22:50+00:00,0.17,3.4,$9–10B
2025-09-17 01:22:50+00:00,0.18,4.05,$9–10B
2025-09-17 01:22:50+00:00,0.17,3.6635,$9–10B
2025-09-17 01:22:50+00:00,0.17351288056206088,11.1135,$9–10B
2025-09-17 01:59:34+00:00,0.18,3.6,$9–10B
2025-09-17 01:59:34+00:00,0.18,3.6,$9–10B
2025-09-17 03:55:12+00:00,0.18,18.0,$9–10B
2025-09-17 03:55:12+00:00,0.18,14.4,$9–10B
2025-09-17 03:55:12+00:00,0.18,3.6,$9–10B
2025-09-17 03:56:20+00:00,0.18999987839995622,0.999999,$9–10B
2025-09-17 03:56:20+00:00,0.18999987839995622,0.999999,$9–10B
2025-09-17 03:56:52+00:00,0.18,0.8568,$9–10B
2025-09-17 04:34:02+00:00,0.19,0.1273,$9–10B
2025-09-17 04:34:02+00:00,0.18999936417222704,0.203199,$9–10B
2025-09-17 04:34:02+00:00,0.19,2.6695,$9–10B
2025-09-17 04:34:02+00:00,0.18999995693332875,2.999999,$9–10B
2025-09-17 06:48:24+00:00,0.18000001640001606,0.219512,$9–10B
2025-09-17 07:01:02+00:00,0.18000004592005253,0.54878,$9–10B
2025-09-17 07:11:44+00:00,0.19,3.5967,$9–10B
2025-09-17 07:11:44+00:00,0.1899999994015,199.999999,$9–10B
2025-09-17 07:26:12+00:00,0.19,0.9994,$9–10B
2025-09-17 09:25:02+00:00,0.19,7.6,$9–10B
2025-09-17 09:25:02+00:00,0.19,7.6,$9–10B
2025-09-17 09:27:32+00:00,0.2,60.0,$9–10B
2025-09-17 09:27:32+00:00,0.2,20.0,$9–10B
2025-09-17 09:30:08+00:00,0.19,5.7,$9–10B
2025-09-17 09:55:46+00:00,0.19,19.0,$9–10B
2025-09-17 09:56:28+00:00,0.19,9.8306,$9–10B
2025-09-17 10:01:14+00:00,0.19,5.7,$9–10B
2025-09-17 10:27:20+00:00,0.2,30.0,$9–10B
2025-09-17 10:27:20+00:00,0.2,25.6,$9–10B
2025-09-17 10:31:46+00:00,0.19,8.6849,$9–10B
2025-09-17 10:31:46+00:00,0.19,3.4694,$9–10B
2025-09-17 10:48:24+00:00,0.2,5.0,$9–10B
2025-09-17 10:48:24+00:00,0.2,5.0,$9–10B
2025-09-17 10:49:22+00:00,0.19,10.3151,$9–10B
2025-09-17 10:49:22+00:00,0.19,19.0,$9–10B
2025-09-17 10:55:32+00:00,0.19,3.8,$9–10B
2025-09-17 11:35:14+00:00,0.18999986229355145,1.089999,$9–10B
2025-09-17 11:43:40+00:00,0.18,5.4,$9–10B
2025-09-17 11:44:14+00:00,0.18,1.8,$9–10B
2025-09-17 11:44:14+00:00,0.18,1.8,$9–10B
2025-09-17 12:02:48+00:00,0.18,1.8,$9–10B
2025-09-17 12:02:48+00:00,0.18,1.8,$9–10B
2025-09-17 12:07:02+00:00,0.18,1.4004,$9–10B
2025-09-17 12:07:14+00:00,0.18999997263999846,4.999999,$9–10B
2025-09-17 12:18:56+00:00,0.18,15.6258,$9–10B
2025-09-17 12:18:56+00:00,0.18,2.3742,$9–10B
2025-09-17 12:49:02+00:00,0.1899999939199999,19.999999,$9–10B
2025-09-17 13:04:24+00:00,0.18,2.3742,$9–10B
2025-09-17 13:04:24+00:00,0.18,15.6258,$9–10B
2025-09-17 13:04:34+00:00,0.18,112.4496,$9–10B
2025-09-17 13:04:34+00:00,0.18,2.3742,$9–10B
2025-09-17 13:05:22+00:00,0.18,1.8,$9–10B
2025-09-17 13:05:22+00:00,0.18,1.8,$9–10B
2025-09-17 13:06:28+00:00,0.18,1.8,$9–10B
2025-09-17 13:06:28+00:00,0.18,1.8,$9–10B
2025-09-17 13:08:18+00:00,0.18,1.8,$9–10B
2025-09-17 13:08:18+00:00,0.18,1.8,$9–10B
2025-09-17 13:08:52+00:00,0.18,30.4362,$9–10B
2025-09-17 13:08:52+00:00,0.18,1.44,$9–10B
2025-09-17 13:09:00+00:00,0.18,1.0782,$9–10B
2025-09-17 13:09:48+00:00,0.18,1.8,$9–10B
2025-09-17 13:09:48+00:00,0.18,1.8,$9–10B
2025-09-17 13:10:08+00:00,0.18,0.7218,$9–10B
2025-09-17 13:10:08+00:00,0.18,0.7218,$9–10B
2025-09-17 13:10:26+00:00,0.18,1.8,$9–10B
2025-09-17 13:10:26+00:00,0.18,1.8,$9–10B
2025-09-17 13:10:40+00:00,0.18,1.0782,$9–10B
2025-09-17 13:10:40+00:00,0.18,1.0782,$9–10B
2025-09-17 13:10:50+00:00,0.18,1.8,$9–10B
2025-09-17 13:10:50+00:00,0.18,1.8,$9–10B
2025-09-17 13:10:56+00:00,0.18,1.8,$9–10B
2025-09-17 13:10:56+00:00,0.18,1.8,$9–10B
2025-09-17 13:17:40+00:00,0.19,7.6,$9–10B
2025-09-17 13:21:36+00:00,0.19,9.7964,$9–10B
2025-09-17 13:21:36+00:00,0.19,19.9994,$9–10B
2025-09-17 13:32:12+00:00,0.2,50.0,$9–10B
2025-09-17 13:32:12+00:00,0.2,4.0,$9–10B
2025-09-17 13:34:54+00:00,0.21,2.1,$9–10B
2025-09-17 13:50:52+00:00,0.25,5.0,$9–10B
2025-09-17 13:52:16+00:00,0.23,4.6,$9–10B
2025-09-17 14:07:10+00:00,0.23000003658747917,1.382987,$9–10B
2025-09-17 14:10:20+00:00,0.25,2.5,$9–10B
2025-09-17 14:10:20+00:00,0.25,2.5,$9–10B
2025-09-17 14:12:36+00:00,0.25,2.5,$9–10B
2025-09-17 14:12:36+00:00,0.25,2.5,$9–10B
2025-09-17 14:12:36+00:00,0.25,5.0,$9–10B
2025-09-17 14:12:48+00:00,0.26,31.2,$9–10B
2025-09-17 14:13:02+00:00,0.29,2.9,$9–10B
2025-09-17 14:14:42+00:00,0.32999978219992593,0.999999,$9–10B
2025-09-17 14:19:36+00:00,0.33,6.6,$9–10B
2025-09-17 14:51:18+00:00,0.26,13.0,$9–10B
2025-09-17 14:52:32+00:00,0.25,5.0,$9–10B
2025-09-17 14:52:32+00:00,0.25,7.5,$9–10B
2025-09-17 14:52:32+00:00,0.2504503135094053,26.3624,$9–10B
2025-09-17 14:53:34+00:00,0.25,2.5,$9–10B
2025-09-17 14:53:40+00:00,0.24,2.4,$9–10B
2025-09-17 14:54:18+00:00,0.23,6.9,$9–10B
2025-09-17 14:54:18+00:00,0.23,3.6846,$9–10B
2025-09-17 14:54:18+00:00,0.23,3.2154,$9–10B
2025-09-17 15:14:52+00:00,0.25999998362204646,8.889999,$9–10B
2025-09-17 15:15:02+00:00,0.24,2.4,$9–10B
2025-09-17 15:26:26+00:00,0.28,11.2,$9–10B
2025-09-17 15:52:06+00:00,0.29833333333333334,35.8,$9–10B
2025-09-17 16:00:00+00:00,0.3799999548749913,3.199999,$9–10B
2025-09-17 16:00:00+00:00,0.3423423347861373,19.999999,$9–10B
2025-09-17 16:02:04+00:00,0.31,3.1,$9–10B
2025-09-17 16:10:42+00:00,0.31,3.1279,$9–10B
2025-09-17 16:11:30+00:00,0.32,6.4,$9–10B
2025-09-17 16:16:04+00:00,0.27,8.5239,$9–10B
2025-09-17 16:18:14+00:00,0.29,1.45,$9–10B
2025-09-17 16:20:40+00:00,0.3,9.0,$9–10B
2025-09-17 16:24:18+00:00,0.31,12.4,$9–10B
2025-09-17 16:24:18+00:00,0.31,6.2,$9–10B
2025-09-17 16:26:20+00:00,0.29,5.8,$9–10B
2025-09-17 16:26:26+00:00,0.28,14.0,$9–10B
2025-09-17 16:26:26+00:00,0.28,5.6,$9–10B
2025-09-17 16:35:48+00:00,0.18,18.0,$9–10B
2025-09-17 16:35:48+00:00,0.18,3.6,$9–10B
2025-09-17 16:35:48+00:00,0.18,7.2,$9–10B
2025-09-17 16:43:42+00:00,0.06,3.0,$9–10B
2025-09-17 16:43:42+00:00,0.06,4.2,$9–10B
2025-09-17 16:52:14+00:00,0.07,1.4,$9–10B
2025-09-17 16:55:24+00:00,0.07,5.6,$9–10B
2025-09-17 16:55:24+00:00,0.07,7.0,$9–10B
2025-09-17 17:00:18+00:00,0.08,1.6,$9–10B
2025-09-17 17:01:18+00:00,0.08,2.4,$9–10B
2025-09-17 17:01:18+00:00,0.08,2.4,$9–10B
2025-09-17 17:07:22+00:00,0.08,2.4,$9–10B
2025-09-17 17:07:22+00:00,0.08,1.6,$9–10B
2025-09-17 17:08:14+00:00,0.06,1.2,$9–10B
2025-09-17 17:10:34+00:00,0.05,0.5,$9–10B
2025-09-17 17:10:34+00:00,0.05,0.5,$9–10B
2025-09-17 17:31:00+00:00,0.06999993924527843,1.059999,$9–10B
2025-09-17 17:31:00+00:00,0.06999998587719274,4.559999,$9–10B
2025-09-17 17:31:00+00:00,0.07,2.1,$9–10B
2025-09-17 17:41:26+00:00,0.07,1.7514,$9–10B
2025-09-17 17:41:26+00:00,0.07,1.7514,$9–10B
2025-09-17 17:48:06+00:00,0.06,1.2,$9–10B
2025-09-17 17:52:06+00:00,0.06,6.0,$9–10B
2025-09-17 17:52:06+00:00,0.06,1.2,$9–10B
2025-09-17 17:52:06+00:00,0.06538461538461539,17.0,$9–10B
2025-09-17 18:01:42+00:00,0.05,5.0,$9–10B
2025-09-17 18:01:54+00:00,0.05,1.0,$9–10B
2025-09-17 18:02:32+00:00,0.04,2.0,$9–10B
2025-09-17 18:02:32+00:00,0.04,4.0,$9–10B
2025-09-17 18:02:32+00:00,0.04,0.8,$9–10B
2025-09-17 18:02:32+00:00,0.04,1.6,$9–10B
2025-09-17 18:02:32+00:00,0.03237500356250534,34.0789,$9–10B
2025-09-17 18:12:16+00:00,0.03,1.3716,$9–10B
2025-09-17 18:12:16+00:00,0.03,0.3,$9–10B
2025-09-17 18:13:46+00:00,0.03,13.6284,$9–10B
2025-09-17 18:13:46+00:00,0.03,0.6,$9–10B
2025-09-17 18:13:46+00:00,0.03,0.6,$9–10B
2025-09-17 18:16:48+00:00,0.03,2.1,$9–10B
2025-09-17 18:16:48+00:00,0.03,0.6,$9–10B
2025-09-17 18:16:48+00:00,0.03,1.5,$9–10B
2025-09-17 18:22:04+00:00,0.01,0.1,$9–10B
2025-09-17 18:22:04+00:00,0.02,0.4,$9–10B
2025-09-17 18:22:04+00:00,0.01,0.1,$9–10B
2025-09-17 18:24:42+00:00,0.02,0.2,$9–10B
2025-09-17 18:54:58+00:00,0.02690625,8.61,$9–10B
2025-09-17 18:54:58+00:00,0.027,5.13,$9–10B
2025-09-17 19:00:38+00:00,0.016,0.47984,$9–10B
2025-09-17 19:00:40+00:00,0.016,1.6,$9–10B
2025-09-17 19:01:02+00:00,0.013,0.195,$9–10B
2025-09-17 19:01:02+00:00,0.012,0.12,$9–10B
2025-09-17 19:01:02+00:00,0.0126,0.315,$9–10B
2025-09-17 19:01:04+00:00,0.011,0.22,$9–10B
2025-09-17 19:01:04+00:00,0.011,0.22,$9–10B
2025-09-17 19:01:12+00:00,0.011,0.22,$9–10B
2025-09-17 19:01:12+00:00,0.011,0.22,$9–10B
2025-09-17 19:05:58+00:00,0.011,0.49511,$9–10B
2025-09-17 19:05:58+00:00,0.011,0.49511,$9–10B
2025-09-17 19:15:02+00:00,0.011,0.9625,$9–10B
2025-09-17 19:15:02+00:00,0.01,0.8,$9–10B
2025-09-17 19:15:02+00:00,0.011,1.84239,$9–10B
2025-09-17 19:15:02+00:00,0.01,0.2,$9–10B
2025-09-17 19:15:02+00:00,0.01,4.7,$9–10B
2025-09-17 19:15:02+00:00,0.011,0.495,$9–10B
2025-09-17 19:15:20+00:00,0.002,0.02004,$9–10B
2025-09-17 19:20:16+00:00,0.005874781304673831,0.4701,$9–10B
2025-09-17 19:20:16+00:00,0.005,0.0501,$9–10B
2025-09-17 19:22:16+00:00,0.002,0.026533,$9–10B
2025-09-17 19:22:20+00:00,0.002,0.04654,$9–10B
2025-09-17 19:22:20+00:00,0.002,0.01346,$9–10B
2025-09-17 19:23:38+00:00,0.002,0.15346,$9–10B
2025-09-17 19:23:38+00:00,0.001,0.77107,$9–10B
2025-09-17 19:23:38+00:00,0.0010905048360462374,0.92453,$9–10B
2025-09-17 19:30:00+00:00,0.005,0.09995,$9–10B
2025-09-17 19:30:00+00:00,0.005,0.09995,$9–10B
2025-09-17 19:30:20+00:00,0.005,0.25005,$9–10B
2025-09-17 19:30:20+00:00,0.005,0.25005,$9–10B
2025-09-17 19:36:28+00:00,0.003,0.11991,$9–10B
2025-09-17 19:36:28+00:00,0.003,0.11991,$9–10B
2025-09-17 19:36:52+00:00,0.003,0.03,$9–10B
2025-09-17 19:36:52+00:00,0.003,0.03,$9–10B
2025-09-17 19:37:00+00:00,0.003,0.06,$9–10B
2025-09-17 19:37:52+00:00,0.003,0.03,$9–10B
2025-09-17 19:37:52+00:00,0.003,0.057,$9–10B
2025-09-17 19:37:52+00:00,0.003,0.03,$9–10B
2025-09-17 19:37:54+00:00,0.003,0.01713,$9–10B
2025-09-17 19:40:12+00:00,0.003,0.06,$9–10B
2025-09-17 19:42:28+00:00,0.004,0.04,$9–10B
2025-09-17 19:42:28+00:00,0.004,0.16,$9–10B
2025-09-17 19:42:48+00:00,0.004,0.104,$9–10B
2025-09-17 19:43:14+00:00,0.004,0.10988,$9–10B
2025-09-17 19:43:14+00:00,0.004,0.04,$9–10B
2025-09-17 19:43:14+00:00,0.004,0.04,$9–10B
2025-09-17 19:44:06+00:00,0.003,0.03,$9–10B
2025-09-17 19:44:06+00:00,0.003,0.03,$9–10B
2025-09-17 19:44:28+00:00,0.003,0.078,$9–10B
2025-09-17 19:51:28+00:00,0.005780346820809248,2.0,$9–10B
2025-09-17 19:51:28+00:00,0.007,0.945,$9–10B
2025-09-17 19:54:28+00:00,0.002,0.6,$9–10B
2025-09-17 19:54:28+00:00,0.002,0.6,$9–10B
2025-09-17 19:58:36+00:00,0.001,0.026,$9–10B
2025-09-17 19:58:46+00:00,0.001,0.01,$9–10B
2025-09-17 19:59:48+00:00,0.001,0.01437,$9–10B
2025-09-17 20:00:20+00:00,0.001,0.01,$9–10B
2025-09-17 20:00:20+00:00,0.001,0.03,$9–10B
2025-09-17 20:01:00+00:00,0.001,0.01,$9–10B
2025-09-17 20:01:00+00:00,0.001,0.01,$9–10B
2025-09-17 20:06:26+00:00,0.001,0.02,$9–10B
2025-09-17 20:06:26+00:00,0.001,0.08349,$9–10B
2025-09-17 20:06:26+00:00,0.001,0.10349,$9–10B
2025-09-17 20:07:42+00:00,0.001,0.02751,$9–10B
2025-09-17 20:22:58+00:00,0.00399894427871042,2.0,$9–10B
2025-09-17 20:22:58+00:00,0.005,1.24901,$9–10B
2025-09-17 20:22:58+00:00,0.003,0.21,$9–10B
2025-09-17 20:22:58+00:00,0.003,0.05997,$9–10B
2025-09-17 20:22:58+00:00,0.003,0.48102,$9–10B
2025-09-17 20:40:44+00:00,0.001,1.0,$9–10B
2025-09-17 20:40:44+00:00,0.001,0.8,$9–10B
2025-09-17 20:40:44+00:00,0.001,0.2,$9–10B
2025-09-17 21:09:00+00:00,0.0026011198341109815,5.0,$9–10B
2025-09-17 21:09:00+00:00,0.006,0.90204,$9–10B
2025-09-17 21:09:00+00:00,0.003,0.97542,$9–10B
2025-09-17 21:09:00+00:00,0.001,0.93107,$9–10B
2025-09-17 21:09:00+00:00,0.002,0.63038,$9–10B
2025-09-17 21:13:08+00:00,0.011,0.33,$9–10B
2025-09-17 21:14:48+00:00,0.001,0.222,$9–10B
2025-09-17 21:15:00+00:00,0.01,0.2,$9–10B
2025-09-17 21:15:18+00:00,0.01,0.2,$9–10B
2025-09-17 21:15:18+00:00,0.01,0.2,$9–10B
2025-09-17 21:41:56+00:00,0.002,0.264,$9–10B
2025-09-17 21:43:52+00:00,0.002,0.11684,$9–10B
2025-09-17 21:43:52+00:00,0.002,0.11684,$9–10B
2025-09-17 21:54:28+00:00,0.002,0.0303,$9–10B
2025-09-17 21:54:28+00:00,0.002,0.20338,$9–10B
2025-09-17 21:54:28+00:00,0.001,0.088,$9–10B
2025-09-17 21:54:28+00:00,0.002,0.0303,$9–10B
2025-09-17 23:41:38+00:00,0.005,0.75,$9–10B
2025-09-17 23:41:38+00:00,0.006,0.3,$9–10B
2025-09-17 23:41:38+00:00,0.007,0.7,$9–10B
2025-09-17 23:41:38+00:00,0.007,0.525,$9–10B
2025-09-17 23:45:46+00:00,0.02,0.4,$9–10B
2025-09-17 23:45:46+00:00,0.029,2.9,$9–10B
2025-09-17 23:45:46+00:00,0.032763526565531054,4.999999,$9–10B
2025-09-17 23:46:28+00:00,0.01,0.2,$9–10B
2025-09-17 23:46:28+00:00,0.001,1.111,$9–10B
2025-09-17 23:46:28+00:00,0.002,0.818,$9–10B
2025-09-17 23:46:34+00:00,0.01,0.2,$9–10B
2025-09-18 01:08:34+00:00,0.001,0.01,$9–10B
2025-09-18 01:08:34+00:00,0.001,0.01,$9–10B
2025-09-18 01:08:50+00:00,0.001,0.01,$9–10B
2025-09-18 01:08:50+00:00,0.001,0.01,$9–10B
2025-09-18 01:09:50+00:00,0.001,0.38875,$9–10B
2025-09-16 22:34:00+00:00,0.12,2.4,$10–11B
2025-09-16 22:47:54+00:00,0.13,2.6,$10–11B
2025-09-16 22:47:54+00:00,0.13,2.6,$10–11B
2025-09-16 22:48:56+00:00,0.13,2.6,$10–11B
2025-09-16 22:48:56+00:00,0.13,5.2,$10–11B
2025-09-16 22:50:02+00:00,0.14,2.8,$10–11B
2025-09-16 23:10:20+00:00,0.16,3.2,$10–11B
2025-09-16 23:10:20+00:00,0.16,20.0,$10–11B
2025-09-16 23:30:46+00:00,0.15,0.75,$10–11B
2025-09-16 23:41:58+00:00,0.16,1.2,$10–11B
2025-09-16 23:42:06+00:00,0.16,14.8,$10–11B
2025-09-16 23:46:32+00:00,0.15,17.1,$10–11B
2025-09-16 23:46:32+00:00,0.15,2.25,$10–11B
2025-09-16 23:46:40+00:00,0.15,12.9,$10–11B
2025-09-16 23:46:40+00:00,0.15,16.791,$10–11B
2025-09-16 23:46:48+00:00,0.15,3.8445,$10–11B
2025-09-16 23:46:58+00:00,0.15,6.4395,$10–11B
2025-09-16 23:48:06+00:00,0.1699999816718741,6.399999,$10–11B
2025-09-17 00:33:28+00:00,0.16,3.2,$10–11B
2025-09-17 00:53:08+00:00,0.15,2.625,$10–11B
2025-09-17 01:09:48+00:00,0.17,10.2,$10–11B
2025-09-17 01:09:48+00:00,0.17,10.2,$10–11B
2025-09-17 01:21:06+00:00,0.15,4.5,$10–11B
2025-09-17 01:21:36+00:00,0.15,4.5,$10–11B
2025-09-17 01:23:08+00:00,0.16999998775877564,11.109999,$10–11B
2025-09-17 01:23:08+00:00,0.17,6.8,$10–11B
2025-09-17 01:28:30+00:00,0.16999998910981676,12.019999,$10–11B
2025-09-17 02:32:00+00:00,0.17,51.0,$10–11B
2025-09-17 03:56:26+00:00,0.16999988609996242,0.999999,$10–11B
2025-09-17 08:57:12+00:00,0.16999988609996242,0.999999,$10–11B
2025-09-17 09:23:54+00:00,0.17,8.5,$10–11B
2025-09-17 09:30:08+00:00,0.16,2.0224,$10–11B
2025-09-17 09:30:08+00:00,0.17,3.4,$10–11B
2025-09-17 09:55:46+00:00,0.16,16.0,$10–11B
2025-09-17 09:56:28+00:00,0.16,8.2784,$10–11B
2025-09-17 10:01:14+00:00,0.16,4.8,$10–11B
2025-09-17 10:49:22+00:00,0.16,0.8992,$10–11B
2025-09-17 10:49:22+00:00,0.16,23.7872,$10–11B
2025-09-17 11:01:22+00:00,0.16,3.2,$10–11B
2025-09-17 11:01:58+00:00,0.16,1.6,$10–11B
2025-09-17 11:02:00+00:00,0.16,1.6,$10–11B
2025-09-17 11:43:40+00:00,0.16,1.6,$10–11B
2025-09-17 11:43:40+00:00,0.16,4.8,$10–11B
2025-09-17 12:02:48+00:00,0.16,1.6,$10–11B
2025-09-17 12:02:48+00:00,0.16,1.6,$10–11B
2025-09-17 12:07:02+00:00,0.16,1.2448,$10–11B
2025-09-17 12:07:26+00:00,0.16999990222759956,1.234499,$10–11B
2025-09-17 12:07:26+00:00,0.1699999758599986,4.999999,$10–11B
2025-09-17 12:17:40+00:00,0.16,6.4,$10–11B
2025-09-17 12:18:56+00:00,0.16,16.0,$10–11B
2025-09-17 12:49:22+00:00,0.1699999758599986,4.999999,$10–11B
2025-09-17 12:49:22+00:00,0.1699999758599986,4.999999,$10–11B
2025-09-17 13:04:24+00:00,0.16,16.0,$10–11B
2025-09-17 13:04:34+00:00,0.16,102.0656,$10–11B
2025-09-17 13:04:34+00:00,0.16,1.6,$10–11B
2025-09-17 13:04:42+00:00,0.16,1.6,$10–11B
2025-09-17 13:07:46+00:00,0.16,1.6,$10–11B
2025-09-17 13:07:46+00:00,0.16,1.6,$10–11B
2025-09-17 13:08:22+00:00,0.16,1.6,$10–11B
2025-09-17 13:08:22+00:00,0.16,1.6,$10–11B
2025-09-17 13:08:52+00:00,0.16,1.6,$10–11B
2025-09-17 13:08:52+00:00,0.16,27.0544,$10–11B
2025-09-17 13:08:52+00:00,0.16,1.6,$10–11B
2025-09-17 13:08:54+00:00,0.16,1.28,$10–11B
2025-09-17 13:09:00+00:00,0.16,0.9584,$10–11B
2025-09-17 14:07:10+00:00,0.16,1.6,$10–11B
2025-09-17 14:07:10+00:00,0.16,1.6,$10–11B
2025-09-17 14:07:10+00:00,0.16,0.961904,$10–11B
2025-09-17 14:40:44+00:00,0.16999988609996242,0.999999,$10–11B
2025-09-17 14:51:52+00:00,0.16,4.7056,$10–11B
2025-09-17 14:51:52+00:00,0.16,4.7056,$10–11B
2025-09-17 14:52:34+00:00,0.16,4.8,$10–11B
2025-09-17 14:52:46+00:00,0.16,1.6,$10–11B
2025-09-17 14:52:46+00:00,0.16,1.6,$10–11B
2025-09-17 14:52:46+00:00,0.16,1.6,$10–11B
2025-09-17 14:52:46+00:00,0.16000002265168986,0.847619,$10–11B
2025-09-17 14:54:08+00:00,0.17,5.1,$10–11B
2025-09-17 14:54:12+00:00,0.16,1.6,$10–11B
2025-09-17 14:54:12+00:00,0.16,1.6,$10–11B
2025-09-17 15:14:02+00:00,0.1699999870799997,9.999999,$10–11B
2025-09-17 15:15:02+00:00,0.16,1.6,$10–11B
2025-09-17 15:15:02+00:00,0.16,1.6,$10–11B
2025-09-17 15:52:32+00:00,0.17,12.75,$10–11B
2025-09-17 16:03:20+00:00,0.16,9.4112,$10–11B
2025-09-17 16:03:20+00:00,0.16,9.4112,$10–11B
2025-09-17 16:25:22+00:00,0.16,16.0,$10–11B
2025-09-17 16:28:28+00:00,0.16,210.0816,$10–11B
2025-09-17 16:28:28+00:00,0.16,3.2,$10–11B
2025-09-17 16:35:14+00:00,0.14,2.8,$10–11B
2025-09-17 16:35:14+00:00,0.14,2.8,$10–11B
2025-09-17 16:35:14+00:00,0.14,2.7986,$10–11B
2025-09-17 16:35:14+00:00,0.15,3.0,$10–11B
2025-09-17 16:36:02+00:00,0.07315855969677827,4.6324,$10–11B
2025-09-17 16:36:02+00:00,0.08,1.6,$10–11B
2025-09-17 16:36:02+00:00,0.07,3.0324,$10–11B
2025-09-17 16:37:44+00:00,0.11,334.763,$10–11B
2025-09-17 16:37:44+00:00,0.11,4.763,$10–11B
2025-09-17 16:37:44+00:00,0.11,330.0,$10–11B
2025-09-17 16:39:42+00:00,0.08,5.6,$10–11B
2025-09-17 16:39:42+00:00,0.08,4.0,$10–11B
2025-09-17 17:00:48+00:00,0.03,6.399,$10–11B
2025-09-17 17:00:48+00:00,0.03,3.0,$10–11B
2025-09-17 17:00:48+00:00,0.03,2.799,$10–11B
2025-09-17 17:00:48+00:00,0.03,0.6,$10–11B
2025-09-17 17:10:42+00:00,0.004,0.04,$10–11B
2025-09-17 17:25:10+00:00,0.02,0.4,$10–11B
2025-09-17 17:25:10+00:00,0.024,4.56,$10–11B
2025-09-17 17:25:10+00:00,0.0235,8.46,$10–11B
2025-09-17 17:25:10+00:00,0.024,1.2,$10–11B
2025-09-17 17:48:06+00:00,0.007,0.14,$10–11B
2025-09-17 17:49:36+00:00,0.015,1.5,$10–11B
2025-09-17 17:58:56+00:00,0.007,0.007049,$10–11B
2025-09-17 18:06:54+00:00,0.01,0.1998,$10–11B
2025-09-17 18:06:54+00:00,0.012812675792237015,4.0998,$10–11B
2025-09-17 18:13:54+00:00,0.02,0.0096,$10–11B
2025-09-17 18:20:50+00:00,0.018,0.00936,$10–11B
2025-09-17 18:22:04+00:00,0.006,0.06,$10–11B
2025-09-17 18:22:04+00:00,0.005,0.055095,$10–11B
2025-09-17 18:22:04+00:00,0.006,0.114,$10–11B
2025-09-17 18:24:42+00:00,0.005,0.05,$10–11B
2025-09-17 19:00:08+00:00,0.005,0.1051,$10–11B
2025-09-17 19:00:08+00:00,0.005,0.5,$10–11B
2025-09-17 19:00:08+00:00,0.005,0.3949,$10–11B
2025-09-17 19:17:02+00:00,0.005,0.525,$10–11B
2025-09-17 19:17:02+00:00,0.005,0.525,$10–11B
2025-09-17 19:22:20+00:00,0.004,0.01308,$10–11B
2025-09-17 19:26:12+00:00,0.004,0.10692,$10–11B
2025-09-17 19:26:12+00:00,0.004,0.21308,$10–11B
2025-09-17 19:37:04+00:00,0.003,0.18,$10–11B
2025-09-17 19:37:52+00:00,0.002,0.02,$10–11B
2025-09-17 19:37:52+00:00,0.002,0.02,$10–11B
2025-09-17 19:37:52+00:00,0.002,0.038,$10–11B
2025-09-17 19:37:54+00:00,0.002,0.01142,$10–11B
2025-09-17 19:40:12+00:00,0.002,0.03942,$10–11B
2025-09-17 19:40:12+00:00,0.002,0.00058,$10–11B
2025-09-17 19:42:28+00:00,0.002,0.08,$10–11B
2025-09-17 19:42:28+00:00,0.002,0.02,$10–11B
2025-09-17 19:42:48+00:00,0.002,0.052,$10–11B
2025-09-17 19:43:14+00:00,0.002,0.05494,$10–11B
2025-09-17 19:43:14+00:00,0.002,0.00142,$10–11B
2025-09-17 19:43:14+00:00,0.002,0.01858,$10–11B
2025-09-17 19:43:14+00:00,0.002,0.02,$10–11B
2025-09-17 19:44:06+00:00,0.002,0.1,$10–11B
2025-09-17 19:44:06+00:00,0.002,0.02,$10–11B
2025-09-17 19:44:06+00:00,0.002,0.02,$10–11B
2025-09-17 19:44:28+00:00,0.002,0.052,$10–11B
2025-09-17 19:44:30+00:00,0.002,0.1294,$10–11B
2025-09-17 19:44:30+00:00,0.002,0.03164,$10–11B
2025-09-17 19:44:36+00:00,0.001,0.03448,$10–11B
2025-09-17 19:44:36+00:00,0.001,0.03448,$10–11B
2025-09-17 19:58:36+00:00,0.001,0.026,$10–11B
2025-09-17 19:58:46+00:00,0.001,0.01,$10–11B
2025-09-17 19:59:48+00:00,0.001,0.01437,$10–11B
2025-09-17 20:00:20+00:00,0.001,0.01385,$10–11B
2025-09-17 20:00:20+00:00,0.001,0.01,$10–11B
2025-09-17 20:00:20+00:00,0.001,0.01615,$10–11B
2025-09-17 20:00:28+00:00,0.001,1.0,$10–11B
2025-09-17 20:01:00+00:00,0.001,0.01,$10–11B
2025-09-17 20:01:00+00:00,0.001,0.01,$10–11B
2025-09-17 20:01:12+00:00,0.001,0.5,$10–11B
2025-09-17 20:01:30+00:00,0.001,0.2,$10–11B
2025-09-17 20:05:56+00:00,0.001,0.02,$10–11B
2025-09-17 20:05:56+00:00,0.001,0.02,$10–11B
2025-09-16 22:34:00+00:00,0.12,2.4,$11–12B
2025-09-16 22:48:14+00:00,0.13,2.6,$11–12B
2025-09-16 22:48:14+00:00,0.13,2.6,$11–12B
2025-09-16 23:41:58+00:00,0.1,0.75,$11–12B
2025-09-16 23:42:06+00:00,0.11,11.0,$11–12B
2025-09-16 23:46:32+00:00,0.1,3.25,$11–12B
2025-09-16 23:46:32+00:00,0.1,11.75,$11–12B
2025-09-16 23:46:40+00:00,0.1,20.294,$11–12B
2025-09-16 23:46:48+00:00,0.1,2.563,$11–12B
2025-09-16 23:46:58+00:00,0.1,4.293,$11–12B
2025-09-17 00:18:42+00:00,0.1,2.1,$11–12B
2025-09-17 00:33:20+00:00,0.1,2.0,$11–12B
2025-09-17 00:33:28+00:00,0.1,2.0,$11–12B
2025-09-17 00:53:08+00:00,0.11,1.925,$11–12B
2025-09-17 01:21:06+00:00,0.11,3.3,$11–12B
2025-09-17 01:21:36+00:00,0.11,3.3,$11–12B
2025-09-17 03:36:16+00:00,0.11,6.6,$11–12B
2025-09-17 03:36:16+00:00,0.11,2.475,$11–12B
2025-09-17 03:55:52+00:00,0.11,11.0,$11–12B
2025-09-17 03:55:52+00:00,0.11,11.0,$11–12B
2025-09-17 03:56:36+00:00,0.11999989919998387,0.999999,$11–12B
2025-09-17 03:56:52+00:00,0.11,0.5236,$11–12B
2025-09-17 04:50:08+00:00,0.12,7.2,$11–12B
2025-09-17 04:50:24+00:00,0.12,7.2,$11–12B
2025-09-17 05:02:58+00:00,0.11,19.8,$11–12B
2025-09-17 05:02:58+00:00,0.11,19.8,$11–12B
2025-09-17 07:26:24+00:00,0.11,1.507,$11–12B
2025-09-17 09:24:18+00:00,0.12,8.4,$11–12B
2025-09-17 09:30:12+00:00,0.11,0.1694,$11–12B
2025-09-17 09:30:12+00:00,0.11,3.1306,$11–12B
2025-09-17 09:55:46+00:00,0.11,11.0,$11–12B
2025-09-17 09:56:28+00:00,0.11,5.6914,$11–12B
2025-09-17 10:01:14+00:00,0.1,1.02,$11–12B
2025-09-17 10:01:14+00:00,0.11,2.178,$11–12B
2025-09-17 10:36:56+00:00,0.1,1.0,$11–12B
2025-09-17 10:49:22+00:00,0.1,2.98,$11–12B
2025-09-17 10:49:22+00:00,0.1,12.449,$11–12B
2025-09-17 11:01:58+00:00,0.1,1.0,$11–12B
2025-09-17 11:01:58+00:00,0.1,1.0,$11–12B
2025-09-17 11:43:40+00:00,0.1,1.0,$11–12B
2025-09-17 11:43:40+00:00,0.1,3.0,$11–12B
2025-09-17 12:02:48+00:00,0.1,1.0,$11–12B
2025-09-17 12:02:48+00:00,0.1,1.0,$11–12B
2025-09-17 12:07:02+00:00,0.1,0.778,$11–12B
2025-09-17 12:07:38+00:00,0.10999998151999942,4.999999,$11–12B
2025-09-17 12:18:56+00:00,0.1,2.222,$11–12B
2025-09-17 12:18:56+00:00,0.1,7.778,$11–12B
2025-09-17 13:04:24+00:00,0.1,10.0,$11–12B
2025-09-17 13:04:34+00:00,0.1,25.5,$11–12B
2025-09-17 13:04:34+00:00,0.09,0.0621,$11–12B
2025-09-17 13:04:34+00:00,0.1,10.0,$11–12B
2025-09-17 13:04:34+00:00,0.1,5.0,$11–12B
2025-09-17 13:04:34+00:00,0.1,1.222,$11–12B
2025-09-17 13:04:34+00:00,0.1,1.0,$11–12B
2025-09-17 13:04:34+00:00,0.1,20.0,$11–12B
2025-09-17 13:04:34+00:00,0.1,2.0,$11–12B
2025-09-17 13:04:42+00:00,0.09,0.9,$11–12B
2025-09-17 13:07:46+00:00,0.09,0.0621,$11–12B
2025-09-17 13:07:46+00:00,0.09,0.8379,$11–12B
2025-09-17 13:07:46+00:00,0.09,0.9,$11–12B
2025-09-17 13:08:22+00:00,0.09,0.9,$11–12B
2025-09-17 13:08:22+00:00,0.09,0.9,$11–12B
2025-09-17 13:08:52+00:00,0.09,0.9,$11–12B
2025-09-17 13:08:52+00:00,0.09,6.0579,$11–12B
2025-09-17 13:08:52+00:00,0.09,9.0,$11–12B
2025-09-17 13:09:00+00:00,0.01,0.0599,$11–12B
2025-09-17 13:10:56+00:00,0.01,0.1,$11–12B
2025-09-17 13:10:56+00:00,0.01,0.1,$11–12B
2025-09-17 13:35:36+00:00,0.02,0.6,$11–12B
2025-09-17 13:38:36+00:00,0.04,0.8,$11–12B
2025-09-17 13:38:36+00:00,0.039,1.95,$11–12B
2025-09-17 13:38:36+00:00,0.03944444444444444,3.55,$11–12B
2025-09-17 14:07:10+00:00,0.04,0.4,$11–12B
2025-09-17 14:07:10+00:00,0.04,0.4,$11–12B
2025-09-17 14:07:10+00:00,0.04,0.242916,$11–12B
2025-09-17 14:21:02+00:00,0.06,4.95,$11–12B
2025-09-17 14:52:34+00:00,0.04,0.8,$11–12B
2025-09-17 14:52:34+00:00,0.04,0.4,$11–12B
2025-09-17 14:52:46+00:00,0.04,0.4,$11–12B
2025-09-17 14:52:46+00:00,0.04,0.211666,$11–12B
2025-09-17 14:52:46+00:00,0.04,0.4,$11–12B
2025-09-17 14:52:46+00:00,0.04,0.4,$11–12B
2025-09-17 14:53:12+00:00,0.031,0.16399,$11–12B
2025-09-17 14:53:12+00:00,0.032,0.64,$11–12B
2025-09-17 14:53:12+00:00,0.03541598586884522,1.60399,$11–12B
2025-09-17 14:53:12+00:00,0.04,0.8,$11–12B
2025-09-17 14:54:12+00:00,0.031,0.31,$11–12B
2025-09-17 14:54:12+00:00,0.031,0.31,$11–12B
2025-09-17 14:56:16+00:00,0.03,0.4587,$11–12B
2025-09-17 14:56:16+00:00,0.03,0.4587,$11–12B
2025-09-17 15:04:02+00:00,0.03,0.1413,$11–12B
2025-09-17 15:04:02+00:00,0.03,0.1413,$11–12B
2025-09-17 15:14:46+00:00,0.038461538461538464,2.0,$11–12B
2025-09-17 15:14:46+00:00,0.039,0.78,$11–12B
2025-09-17 15:14:46+00:00,0.038,1.14,$11–12B
2025-09-17 15:14:46+00:00,0.04,0.08,$11–12B
2025-09-17 15:15:02+00:00,0.021,0.21,$11–12B
2025-09-17 15:15:02+00:00,0.021,0.21,$11–12B
2025-09-17 16:03:32+00:00,0.021,0.84,$11–12B
2025-09-17 16:03:32+00:00,0.021,0.252,$11–12B
2025-09-17 16:03:32+00:00,0.021,1.092,$11–12B
2025-09-17 16:08:18+00:00,0.03992941176470588,6.788,$11–12B
2025-09-17 16:08:18+00:00,0.04,4.0,$11–12B
2025-09-17 16:08:18+00:00,0.039,0.468,$11–12B
2025-09-17 16:08:18+00:00,0.04,0.8,$11–12B
2025-09-17 16:08:18+00:00,0.04,1.52,$11–12B
2025-09-17 16:10:30+00:00,0.021,2.1,$11–12B
2025-09-17 16:10:30+00:00,0.021,2.1,$11–12B
2025-09-17 16:10:48+00:00,0.021,2.1,$11–12B
2025-09-17 16:10:50+00:00,0.021,2.1,$11–12B
2025-09-17 16:10:52+00:00,0.021,1.05,$11–12B
2025-09-17 16:10:52+00:00,0.02,0.4,$11–12B
2025-09-17 16:10:54+00:00,0.02,0.8,$11–12B
2025-09-17 16:10:54+00:00,0.02,0.6,$11–12B
2025-09-17 16:17:34+00:00,0.014,0.7,$11–12B
2025-09-17 16:17:34+00:00,0.014615384615384615,1.9,$11–12B
2025-09-17 16:17:34+00:00,0.015,1.2,$11–12B
2025-09-17 16:23:00+00:00,0.029,8.6275,$11–12B
2025-09-17 16:23:00+00:00,0.029,3.9875,$11–12B
2025-09-17 16:23:00+00:00,0.029,1.45,$11–12B
2025-09-17 16:23:00+00:00,0.029,1.16,$11–12B
2025-09-17 17:04:48+00:00,0.01,4.675,$11–12B
2025-09-17 17:04:48+00:00,0.012,0.6,$11–12B
2025-09-17 17:10:44+00:00,0.002,0.02,$11–12B
2025-09-17 17:10:44+00:00,0.002,0.02,$11–12B
2025-09-17 17:41:28+00:00,0.009,1.08,$11–12B
2025-09-17 17:41:28+00:00,0.00903030303030303,2.98,$11–12B
2025-09-17 17:41:28+00:00,0.008,0.8,$11–12B
2025-09-17 17:41:28+00:00,0.01,0.2,$11–12B
2025-09-17 17:45:34+00:00,0.01,1.0,$11–12B
2025-09-17 17:45:34+00:00,0.01,0.5,$11–12B
2025-09-17 17:45:34+00:00,0.01,0.5,$11–12B
2025-09-17 17:48:06+00:00,0.006,0.12,$11–12B
2025-09-17 18:12:08+00:00,0.006,0.18,$11–12B
2025-09-17 18:12:08+00:00,0.006,0.18,$11–12B
2025-09-17 18:14:18+00:00,0.006,0.42,$11–12B
2025-09-17 18:14:18+00:00,0.006,0.72,$11–12B
2025-09-17 18:14:18+00:00,0.006,0.3,$11–12B
2025-09-17 18:20:04+00:00,0.007,2.8,$11–12B
2025-09-17 18:20:04+00:00,0.007,2.8,$11–12B
2025-09-17 18:22:04+00:00,0.005,0.05,$11–12B
2025-09-17 18:22:04+00:00,0.005,0.15,$11–12B
2025-09-17 18:24:42+00:00,0.005,0.05,$11–12B
2025-09-17 18:31:08+00:00,0.004,0.4,$11–12B
2025-09-17 18:31:08+00:00,0.004,0.4,$11–12B
2025-09-17 18:47:38+00:00,0.003,0.72345,$11–12B
2025-09-17 18:47:38+00:00,0.003,0.3,$11–12B
2025-09-17 18:47:38+00:00,0.003,0.06,$11–12B
2025-09-17 18:51:04+00:00,0.004,0.27536,$11–12B
2025-09-17 19:00:24+00:00,0.003,0.13593,$11–12B
2025-09-17 19:00:24+00:00,0.003,0.08925,$11–12B
2025-09-17 19:00:24+00:00,0.003,0.3,$11–12B
2025-09-17 19:00:24+00:00,0.003,0.04668,$11–12B
2025-09-17 19:00:24+00:00,0.003,0.02814,$11–12B
2025-09-17 19:16:24+00:00,0.002,0.2,$11–12B
2025-09-17 19:16:24+00:00,0.002,0.2,$11–12B
2025-09-17 19:22:16+00:00,0.002,0.026533,$11–12B
2025-09-17 19:22:20+00:00,0.002,0.06,$11–12B
2025-09-17 19:36:52+00:00,0.001,0.01,$11–12B
2025-09-17 19:36:52+00:00,0.001,0.01,$11–12B
2025-09-17 19:37:00+00:00,0.001,0.02,$11–12B
2025-09-17 19:37:52+00:00,0.001,0.01,$11–12B
2025-09-17 19:37:52+00:00,0.001,0.019,$11–12B
2025-09-17 19:37:52+00:00,0.001,0.01,$11–12B
2025-09-17 19:37:54+00:00,0.001,0.00571,$11–12B
2025-09-17 19:40:12+00:00,0.001,0.02,$11–12B
2025-09-17 19:42:28+00:00,0.001,0.00629,$11–12B
2025-09-17 19:42:28+00:00,0.001,0.00371,$11–12B
2025-09-17 19:42:28+00:00,0.001,0.04,$11–12B
2025-09-17 19:42:48+00:00,0.001,0.026,$11–12B
2025-09-17 19:43:14+00:00,0.001,0.01,$11–12B
2025-09-17 19:43:14+00:00,0.001,0.01,$11–12B
2025-09-17 19:43:14+00:00,0.001,0.02747,$11–12B
2025-09-17 19:44:06+00:00,0.001,0.01,$11–12B
2025-09-17 19:44:06+00:00,0.001,0.01,$11–12B
2025-09-17 19:44:28+00:00,0.001,0.026,$11–12B
2025-09-17 19:45:00+00:00,0.001,0.121,$11–12B
2025-09-17 19:45:00+00:00,0.001,0.121,$11–12B
2025-09-17 19:56:32+00:00,0.001,0.02,$11–12B
2025-09-17 19:56:32+00:00,0.001,0.022,$11–12B
2025-09-17 19:56:32+00:00,0.001,0.02,$11–12B
2025-09-16 22:34:00+00:00,0.12,2.4,$12–13B
2025-09-16 22:49:40+00:00,0.13,2.6,$12–13B
2025-09-16 22:49:40+00:00,0.13,2.6,$12–13B
2025-09-16 23:07:58+00:00,0.09,1.8,$12–13B
2025-09-16 23:07:58+00:00,0.09,1.8,$12–13B
2025-09-16 23:07:58+00:00,0.09,1.8,$12–13B
2025-09-16 23:15:44+00:00,0.07000000465000138,0.752688,$12–13B
2025-09-16 23:41:58+00:00,0.07,0.525,$12–13B
2025-09-16 23:42:06+00:00,0.07,2.9218,$12–13B
2025-09-16 23:42:06+00:00,0.07,2.8,$12–13B
2025-09-16 23:42:06+00:00,0.07,1.2782,$12–13B
2025-09-16 23:44:36+00:00,0.07,1.4,$12–13B
2025-09-16 23:44:36+00:00,0.07,7.0,$12–13B
2025-09-16 23:44:36+00:00,0.07,5.6,$12–13B
2025-09-16 23:46:32+00:00,0.07,10.5,$12–13B
2025-09-16 23:46:40+00:00,0.07,14.2058,$12–13B
2025-09-16 23:46:48+00:00,0.07,1.7941,$12–13B
2025-09-16 23:46:58+00:00,0.07,2.9001,$12–13B
2025-09-16 23:46:58+00:00,0.07,0.105,$12–13B
2025-09-17 00:18:42+00:00,0.07,1.47,$12–13B
2025-09-17 00:33:20+00:00,0.07,1.4,$12–13B
2025-09-17 00:33:28+00:00,0.07,1.4,$12–13B
2025-09-17 00:53:06+00:00,0.07,1.225,$12–13B
2025-09-17 01:21:06+00:00,0.07,1.4,$12–13B
2025-09-17 01:21:06+00:00,0.07,3.5,$12–13B
2025-09-17 01:21:36+00:00,0.07,2.1,$12–13B
2025-09-17 02:36:46+00:00,0.08,7.2,$12–13B
2025-09-17 02:36:46+00:00,0.08,6.4,$12–13B
2025-09-17 02:36:46+00:00,0.08,20.0,$12–13B
2025-09-17 02:36:46+00:00,0.08,6.4,$12–13B
2025-09-17 03:56:42+00:00,0.08,1.0,$12–13B
2025-09-17 03:56:42+00:00,0.08,1.0,$12–13B
2025-09-17 03:56:52+00:00,0.07,0.3332,$12–13B
2025-09-17 07:26:24+00:00,0.07,0.959,$12–13B
2025-09-17 07:28:10+00:00,0.07,1.4,$12–13B
2025-09-17 07:28:10+00:00,0.07,1.4,$12–13B
2025-09-17 07:28:24+00:00,0.07,1.4,$12–13B
2025-09-17 07:28:24+00:00,0.07,1.4,$12–13B
2025-09-17 08:38:08+00:00,0.08,30.0,$12–13B
2025-09-17 08:39:30+00:00,0.08,7.8,$12–13B
2025-09-17 09:30:12+00:00,0.07,2.1,$12–13B
2025-09-17 09:55:46+00:00,0.07,7.0,$12–13B
2025-09-17 09:56:28+00:00,0.07,3.6218,$12–13B
2025-09-17 10:01:14+00:00,0.07,2.1,$12–13B
2025-09-17 10:49:22+00:00,0.07,1.7143,$12–13B
2025-09-17 10:49:22+00:00,0.07,9.086,$12–13B
2025-09-17 11:01:58+00:00,0.07,0.7,$12–13B
2025-09-17 11:01:58+00:00,0.07,0.7,$12–13B
2025-09-17 11:21:44+00:00,0.08,5.0,$12–13B
2025-09-17 11:43:40+00:00,0.07,0.7,$12–13B
2025-09-17 11:43:40+00:00,0.07,2.1,$12–13B
2025-09-17 12:02:48+00:00,0.07,0.7,$12–13B
2025-09-17 12:02:48+00:00,0.07,0.7,$12–13B
2025-09-17 12:07:02+00:00,0.07,0.5446,$12–13B
2025-09-17 12:07:46+00:00,0.08,5.0,$12–13B
2025-09-17 12:18:56+00:00,0.07,6.8411,$12–13B
2025-09-17 12:18:56+00:00,0.07,0.1589,$12–13B
2025-09-17 13:04:24+00:00,0.07,0.1589,$12–13B
2025-09-17 13:04:24+00:00,0.07,6.8411,$12–13B
2025-09-17 13:04:34+00:00,0.06,0.6,$12–13B
2025-09-17 13:04:34+00:00,0.06,32.7,$12–13B
2025-09-17 13:04:34+00:00,0.06,5.5746,$12–13B
2025-09-17 13:04:42+00:00,0.06,0.1746,$12–13B
2025-09-17 13:04:42+00:00,0.06,0.4254,$12–13B
2025-09-17 13:07:46+00:00,0.06,0.6,$12–13B
2025-09-17 13:07:46+00:00,0.06,0.6,$12–13B
2025-09-17 13:08:22+00:00,0.06,0.6,$12–13B
2025-09-17 13:08:22+00:00,0.06,0.6,$12–13B
2025-09-17 13:08:52+00:00,0.06,8.3454,$12–13B
2025-09-17 13:08:52+00:00,0.06,0.48,$12–13B
2025-09-17 13:08:52+00:00,0.06,0.6,$12–13B
2025-09-17 13:09:00+00:00,0.01,0.0599,$12–13B
2025-09-17 13:10:56+00:00,0.01,0.1,$12–13B
2025-09-17 13:10:56+00:00,0.01,0.1,$12–13B
2025-09-17 14:07:10+00:00,0.02,0.120204,$12–13B
2025-09-17 14:07:10+00:00,0.03,0.3,$12–13B
2025-09-17 14:07:10+00:00,0.03,0.3,$12–13B
2025-09-17 14:52:34+00:00,0.011,0.33,$12–13B
2025-09-17 14:52:46+00:00,0.011,0.11,$12–13B
2025-09-17 14:52:46+00:00,0.011,0.11,$12–13B
2025-09-17 14:52:46+00:00,0.011000001509926255,0.058281,$12–13B
2025-09-17 14:53:22+00:00,0.01,0.2,$12–13B
2025-09-17 14:53:22+00:00,0.002,0.07058,$12–13B
2025-09-17 14:53:22+00:00,0.004893832519442937,0.27058,$12–13B
2025-09-17 14:54:10+00:00,0.01,0.1,$12–13B
2025-09-17 14:54:10+00:00,0.01,0.1,$12–13B
2025-09-17 14:56:12+00:00,0.02,0.4,$12–13B
2025-09-17 14:56:12+00:00,0.02,0.4,$12–13B
2025-09-17 14:56:58+00:00,0.02,0.4,$12–13B
2025-09-17 14:56:58+00:00,0.02,0.4,$12–13B
2025-09-17 15:15:02+00:00,0.01,0.1,$12–13B
2025-09-17 15:15:02+00:00,0.01,0.1,$12–13B
2025-09-17 15:17:12+00:00,0.02,0.4,$12–13B
2025-09-17 15:35:28+00:00,0.02,0.4,$12–13B
2025-09-17 16:03:36+00:00,0.03,1.5,$12–13B
2025-09-17 16:03:36+00:00,0.03,13.0803,$12–13B
2025-09-17 16:03:36+00:00,0.03,0.6,$12–13B
2025-09-17 16:03:36+00:00,0.03,3.0,$12–13B
2025-09-17 16:03:36+00:00,0.03,0.6,$12–13B
2025-09-17 16:03:36+00:00,0.03,0.6,$12–13B
2025-09-17 16:03:36+00:00,0.03,0.1803,$12–13B
2025-09-17 16:03:36+00:00,0.03,0.6,$12–13B
2025-09-17 16:14:54+00:00,0.04,4.0,$12–13B
2025-09-17 16:14:54+00:00,0.04,4.0,$12–13B
2025-09-17 16:14:56+00:00,0.04,4.0,$12–13B
2025-09-17 16:14:56+00:00,0.04,4.0,$12–13B
2025-09-17 16:14:58+00:00,0.04,4.0,$12–13B
2025-09-17 16:14:58+00:00,0.04,4.0,$12–13B
2025-09-17 16:15:00+00:00,0.04,4.0,$12–13B
2025-09-17 16:15:00+00:00,0.04,4.0,$12–13B
2025-09-17 16:15:02+00:00,0.04,1.4404,$12–13B
2025-09-17 16:15:02+00:00,0.04,1.4404,$12–13B
2025-09-17 16:15:06+00:00,0.04,0.8,$12–13B
2025-09-17 16:15:10+00:00,0.04,0.8,$12–13B
2025-09-17 16:15:14+00:00,0.04,0.8,$12–13B
2025-09-17 16:19:18+00:00,0.036,1.8,$12–13B
2025-09-17 16:19:42+00:00,0.02,0.8,$12–13B
2025-09-17 16:20:44+00:00,0.02,3.4,$12–13B
2025-09-17 16:20:44+00:00,0.02,1.0,$12–13B
2025-09-17 16:20:44+00:00,0.02,2.0,$12–13B
2025-09-17 16:21:58+00:00,0.049,0.98,$12–13B
2025-09-17 16:21:58+00:00,0.05,0.5,$12–13B
2025-09-17 16:24:14+00:00,0.041,2.05,$12–13B
2025-09-17 16:24:14+00:00,0.04,4.0,$12–13B
2025-09-17 16:34:48+00:00,0.03,3.8778,$12–13B
2025-09-17 16:54:08+00:00,0.01,0.5,$12–13B
2025-09-17 16:54:08+00:00,0.01,1.11,$12–13B
2025-09-17 16:54:08+00:00,0.01,2.8926,$12–13B
2025-09-17 16:56:50+00:00,0.01,1.0,$12–13B
2025-09-17 16:56:50+00:00,0.009,0.45,$12–13B
2025-09-17 17:10:44+00:00,0.004,0.04,$12–13B
2025-09-17 17:10:44+00:00,0.004,0.04,$12–13B
2025-09-17 17:46:30+00:00,0.01,1.0,$12–13B
2025-09-17 18:03:52+00:00,0.007,0.24703,$12–13B
2025-09-17 18:04:36+00:00,0.008,0.8,$12–13B
2025-09-17 18:04:36+00:00,0.008,0.4,$12–13B
2025-09-17 18:04:36+00:00,0.008,3.6,$12–13B
2025-09-17 18:14:02+00:00,0.011,0.55,$12–13B
2025-09-17 18:21:08+00:00,0.01,0.2,$12–13B
2025-09-17 18:21:10+00:00,0.008,0.35768,$12–13B
2025-09-17 18:21:12+00:00,0.008,0.16,$12–13B
2025-09-17 18:22:04+00:00,0.004,0.12,$12–13B
2025-09-17 18:22:04+00:00,0.004,0.04,$12–13B
2025-09-17 18:30:46+00:00,0.005,0.07645,$12–13B
2025-09-17 18:30:46+00:00,0.005,0.07645,$12–13B
2025-09-17 18:47:32+00:00,0.003,0.07716,$12–13B
2025-09-17 18:47:32+00:00,0.002,0.27066,$12–13B
2025-09-17 18:47:32+00:00,0.004,0.33884,$12–13B
2025-09-17 18:47:32+00:00,0.002998918466315459,1.71916,$12–13B
2025-09-17 18:47:32+00:00,0.003,0.09441,$12–13B
2025-09-17 18:47:32+00:00,0.003,0.333,$12–13B
2025-09-17 18:47:32+00:00,0.003,0.28935,$12–13B
2025-09-17 18:47:32+00:00,0.003,0.11574,$12–13B
2025-09-17 18:47:32+00:00,0.004,0.2,$12–13B
2025-09-17 19:16:08+00:00,0.002,0.2,$12–13B
2025-09-17 19:16:08+00:00,0.002,0.09724,$12–13B
2025-09-17 19:16:08+00:00,0.002,0.10276,$12–13B
2025-09-17 19:16:20+00:00,0.003,0.2955,$12–13B
2025-09-17 19:21:10+00:00,0.006,0.0645,$12–13B
2025-09-17 19:22:16+00:00,0.002,0.026533,$12–13B
2025-09-17 19:22:20+00:00,0.002,0.06,$12–13B
2025-09-17 19:30:48+00:00,0.002,0.5,$12–13B
2025-09-17 19:30:48+00:00,0.002,0.01622,$12–13B
2025-09-17 19:36:52+00:00,0.001,0.01,$12–13B
2025-09-17 19:36:52+00:00,0.001,0.01,$12–13B
2025-09-17 19:37:00+00:00,0.001,0.02,$12–13B
2025-09-17 19:37:52+00:00,0.001,0.01,$12–13B
2025-09-17 19:37:52+00:00,0.001,0.01,$12–13B
2025-09-17 19:37:52+00:00,0.001,0.019,$12–13B
2025-09-17 19:37:54+00:00,0.001,0.00571,$12–13B
2025-09-17 19:40:12+00:00,0.001,0.02,$12–13B
2025-09-17 19:42:28+00:00,0.001,0.00371,$12–13B
2025-09-17 19:42:28+00:00,0.001,0.00629,$12–13B
2025-09-17 19:42:28+00:00,0.001,0.04,$12–13B
2025-09-17 19:42:48+00:00,0.001,0.026,$12–13B
2025-09-17 19:43:14+00:00,0.001,0.01,$12–13B
2025-09-17 19:43:14+00:00,0.001,0.02747,$12–13B
2025-09-17 19:43:14+00:00,0.001,0.01,$12–13B
2025-09-17 19:44:06+00:00,0.001,0.01,$12–13B
2025-09-17 19:44:06+00:00,0.001,0.01,$12–13B
2025-09-17 19:44:28+00:00,0.001,0.026,$12–13B
2025-09-17 19:45:10+00:00,0.001,0.1235,$12–13B
2025-09-17 19:45:10+00:00,0.001,0.1235,$12–13B
2025-09-17 19:52:44+00:00,0.001,0.022,$12–13B
2025-09-17 19:52:44+00:00,0.001,0.02,$12–13B
2025-09-17 19:56:28+00:00,0.001,0.02,$12–13B
2025-09-16 22:34:00+00:00,0.17,3.4,≥$13B
2025-09-16 22:48:26+00:00,0.22,4.18,≥$13B
2025-09-16 22:48:26+00:00,0.22,12.98,≥$13B
2025-09-16 23:42:08+00:00,0.19,1.9,≥$13B
2025-09-16 23:42:08+00:00,0.19,3.8,≥$13B
2025-09-16 23:42:08+00:00,0.19,9.5,≥$13B
2025-09-16 23:45:20+00:00,0.21,4.2,≥$13B
2025-09-16 23:45:20+00:00,0.22,22.0,≥$13B
2025-09-16 23:45:20+00:00,0.22,22.0,≥$13B
2025-09-16 23:45:20+00:00,0.2195608767490966,99.999999,≥$13B
2025-09-16 23:45:20+00:00,0.22,0.22,≥$13B
2025-09-16 23:45:36+00:00,0.219999998548,99.999999,≥$13B
2025-09-16 23:45:36+00:00,0.2199999805913481,7.481199,≥$13B
2025-09-17 00:17:54+00:00,0.22,14.5178,≥$13B
2025-09-17 00:17:54+00:00,0.22,80.5178,≥$13B
2025-09-17 00:18:42+00:00,0.22,4.62,≥$13B
2025-09-17 00:33:20+00:00,0.22,4.4,≥$13B
2025-09-17 00:33:28+00:00,0.22,4.4,≥$13B
2025-09-17 00:53:08+00:00,0.22,3.85,≥$13B
2025-09-17 01:21:06+00:00,0.22,6.6,≥$13B
2025-09-17 01:21:36+00:00,0.22,6.6,≥$13B
2025-09-17 01:39:18+00:00,0.21,126.0,≥$13B
2025-09-17 01:39:18+00:00,0.21,4.2,≥$13B
2025-09-17 01:39:18+00:00,0.21,46.2,≥$13B
2025-09-17 01:39:18+00:00,0.22,22.0,≥$13B
2025-09-17 01:39:18+00:00,0.21000000193348922,9.775074,≥$13B
2025-09-17 01:39:18+00:00,0.22,4.4,≥$13B
2025-09-17 01:39:18+00:00,0.22,79.53,≥$13B
2025-09-17 01:39:18+00:00,0.21,21.0,≥$13B
2025-09-17 01:39:18+00:00,0.22,4.4,≥$13B
2025-09-17 02:00:42+00:00,0.2099999922299999,19.999999,≥$13B
2025-09-17 02:00:42+00:00,0.2099999922299999,19.999999,≥$13B
2025-09-17 02:03:18+00:00,0.2,4.0,≥$13B
2025-09-17 02:03:18+00:00,0.2,4.0,≥$13B
2025-09-17 02:36:58+00:00,0.18999998855697392,11.622799,≥$13B
2025-09-17 02:36:58+00:00,0.18,8.3772,≥$13B
2025-09-17 02:36:58+00:00,0.18567923743018808,19.999999,≥$13B
2025-09-17 03:48:08+00:00,0.2,64.0,≥$13B
2025-09-17 03:48:08+00:00,0.19,15.2,≥$13B
2025-09-17 03:48:08+00:00,0.1957948136417906,783.8802,≥$13B
2025-09-17 03:48:08+00:00,0.19,84.2802,≥$13B
2025-09-17 03:56:52+00:00,0.20999986769995105,0.999999,≥$13B
2025-09-17 07:26:24+00:00,0.2,2.0,≥$13B
2025-09-17 08:13:36+00:00,0.19,1.9,≥$13B
2025-09-17 09:39:16+00:00,0.2,10.0,≥$13B
2025-09-17 10:05:52+00:00,0.2,1.0,≥$13B
2025-09-17 10:49:22+00:00,0.19,25.5151,≥$13B
2025-09-17 10:49:22+00:00,0.19,3.8,≥$13B
2025-09-17 11:02:00+00:00,0.19,1.9,≥$13B
2025-09-17 11:02:00+00:00,0.19,1.9,≥$13B
2025-09-17 11:21:48+00:00,0.20192306294378656,9.999999,≥$13B
2025-09-17 11:43:40+00:00,0.19,1.9,≥$13B
2025-09-17 11:43:40+00:00,0.19,5.7,≥$13B
2025-09-17 11:55:56+00:00,0.2124398146828624,2.809999,≥$13B
2025-09-17 12:02:48+00:00,0.19,1.9,≥$13B
2025-09-17 12:02:48+00:00,0.19,1.9,≥$13B
2025-09-17 12:07:04+00:00,0.19,1.4782,≥$13B
2025-09-17 12:18:56+00:00,0.19,19.0,≥$13B
2025-09-17 12:50:52+00:00,0.1800000028267109,1.273565,≥$13B
2025-09-17 12:50:52+00:00,0.19,8.0218,≥$13B
2025-09-17 13:04:24+00:00,0.19,19.0,≥$13B
2025-09-17 13:04:34+00:00,0.19,121.2029,≥$13B
2025-09-17 13:04:34+00:00,0.19,1.9,≥$13B
2025-09-17 13:04:42+00:00,0.19,1.9,≥$13B
2025-09-17 13:07:46+00:00,0.19,1.9,≥$13B
2025-09-17 13:07:46+00:00,0.19,1.9,≥$13B
2025-09-17 13:08:22+00:00,0.19,1.9,≥$13B
2025-09-17 13:08:22+00:00,0.19,1.9,≥$13B
2025-09-17 13:08:52+00:00,0.19,1.9,≥$13B
2025-09-17 13:08:52+00:00,0.19,1.9,≥$13B
2025-09-17 13:08:52+00:00,0.19,1.52,≥$13B
2025-09-17 13:08:52+00:00,0.19,32.1271,≥$13B
2025-09-17 13:09:00+00:00,0.19,0.1881,≥$13B
2025-09-17 13:09:00+00:00,0.19,0.95,≥$13B
2025-09-17 13:15:02+00:00,0.18,45.0,≥$13B
2025-09-17 13:15:02+00:00,0.18,3.6,≥$13B
2025-09-17 13:15:02+00:00,0.18,98.6256,≥$13B
2025-09-17 13:15:02+00:00,0.18,180.0,≥$13B
2025-09-17 13:15:02+00:00,0.18,327.2256,≥$13B
2025-09-17 13:16:10+00:00,0.02,1.3132,≥$13B
2025-09-17 13:16:10+00:00,0.15,6.0,≥$13B
2025-09-17 13:16:10+00:00,0.17,170.0,≥$13B
2025-09-17 13:16:10+00:00,0.14,11.2,≥$13B
2025-09-17 13:16:10+00:00,0.15945444396658218,348.5132,≥$13B
2025-09-17 13:16:10+00:00,0.16,160.0,≥$13B
2025-09-17 13:45:40+00:00,0.11,3.63,≥$13B
2025-09-17 13:51:28+00:00,0.09,1.8,≥$13B
2025-09-17 14:07:10+00:00,0.06,0.6,≥$13B
2025-09-17 14:07:10+00:00,0.06,0.6,≥$13B
2025-09-17 14:10:38+00:00,0.05,2.75,≥$13B
2025-09-17 14:10:38+00:00,0.05,1.0,≥$13B
2025-09-17 14:14:10+00:00,0.04,1.291666,≥$13B
2025-09-17 14:14:10+00:00,0.05,1.0,≥$13B
2025-09-17 14:28:10+00:00,0.07547169811320754,5.0,≥$13B
2025-09-17 14:28:10+00:00,0.07,2.1,≥$13B
2025-09-17 14:28:10+00:00,0.08,0.5,≥$13B
2025-09-17 14:31:24+00:00,0.06,1.8,≥$13B
2025-09-17 14:52:34+00:00,0.06,1.8,≥$13B
2025-09-17 14:52:46+00:00,0.06000000755020984,0.317872,≥$13B
2025-09-17 14:52:46+00:00,0.06,0.6,≥$13B
2025-09-17 14:52:46+00:00,0.06,0.6,≥$13B
2025-09-17 14:52:46+00:00,0.06,0.6,≥$13B
2025-09-17 14:54:10+00:00,0.05,1.0,≥$13B
2025-09-17 14:54:10+00:00,0.04,1.0116,≥$13B
2025-09-17 14:54:10+00:00,0.05,1.0,≥$13B
2025-09-17 14:54:10+00:00,0.04612651248276918,3.0116,≥$13B
2025-09-17 14:54:12+00:00,0.04,0.4,≥$13B
2025-09-17 14:54:12+00:00,0.04,0.4,≥$13B
2025-09-17 15:14:50+00:00,0.05,0.5,≥$13B
2025-09-17 15:14:50+00:00,0.05,0.5,≥$13B
2025-09-17 15:22:26+00:00,0.07,7.0,≥$13B
2025-09-17 16:04:48+00:00,0.07,0.35,≥$13B
2025-09-17 16:04:48+00:00,0.07,0.35,≥$13B
2025-09-17 16:20:38+00:00,0.07,0.7,≥$13B
2025-09-17 16:20:38+00:00,0.07,1.4,≥$13B
2025-09-17 16:21:20+00:00,0.07,15.5386,≥$13B
2025-09-17 16:26:14+00:00,0.05,2.5,≥$13B
2025-09-17 16:26:14+00:00,0.05,9.5,≥$13B
2025-09-17 16:26:40+00:00,0.05,1.0,≥$13B
2025-09-17 16:27:02+00:00,0.05,1.0,≥$13B
2025-09-17 16:27:02+00:00,0.05,2.5,≥$13B
2025-09-17 16:27:14+00:00,0.05,1.0,≥$13B
2025-09-17 16:27:14+00:00,0.05,13.986,≥$13B
2025-09-17 16:28:20+00:00,0.05,6.0,≥$13B
2025-09-17 16:28:20+00:00,0.05,5.0,≥$13B
2025-09-17 16:28:20+00:00,0.05,1.0,≥$13B
2025-09-17 16:35:04+00:00,0.04,20.0,≥$13B
2025-09-17 16:35:58+00:00,0.04,0.8,≥$13B
2025-09-17 16:35:58+00:00,0.04,2.0,≥$13B
2025-09-17 16:35:58+00:00,0.04,17.2964,≥$13B
2025-09-17 16:35:58+00:00,0.04,0.8,≥$13B
2025-09-17 16:38:46+00:00,0.04125,3.3,≥$13B
2025-09-17 16:38:46+00:00,0.04,0.8,≥$13B
2025-09-17 16:38:46+00:00,0.04,2.0,≥$13B
2025-09-17 16:42:02+00:00,0.02,0.4,≥$13B
2025-09-17 16:42:02+00:00,0.02,8.0,≥$13B
2025-09-17 16:42:02+00:00,0.02,4.0,≥$13B
2025-09-17 16:42:02+00:00,0.02,1.1,≥$13B
2025-09-17 16:42:02+00:00,0.02,0.6868,≥$13B
2025-09-17 16:42:02+00:00,0.02,1.0,≥$13B
2025-09-17 16:43:24+00:00,0.02,1.0,≥$13B
2025-09-17 16:43:24+00:00,0.02,1.0,≥$13B
2025-09-17 16:43:36+00:00,0.03,6.3906,≥$13B
2025-09-17 16:56:58+00:00,0.01,0.2,≥$13B
2025-09-17 16:57:04+00:00,0.01,0.2,≥$13B
2025-09-17 17:10:34+00:00,0.004,0.04,≥$13B
2025-09-17 17:38:40+00:00,0.007,0.7,≥$13B
2025-09-17 17:38:40+00:00,0.008,2.71776,≥$13B
2025-09-17 17:38:40+00:00,0.007,0.35,≥$13B
2025-09-17 17:38:40+00:00,0.007816264712891992,10.16685,≥$13B
2025-09-17 17:48:06+00:00,0.003,0.06,≥$13B
2025-09-17 18:05:32+00:00,0.003,0.015,≥$13B
2025-09-17 18:05:32+00:00,0.003,0.015,≥$13B
2025-09-17 18:15:22+00:00,0.003,0.075,≥$13B
2025-09-17 18:15:22+00:00,0.003,0.075,≥$13B
2025-09-17 18:15:24+00:00,0.003,0.225,≥$13B
2025-09-17 18:21:28+00:00,0.005,0.075,≥$13B
2025-09-17 18:21:48+00:00,0.006260869565217392,1.44,≥$13B
2025-09-17 18:21:48+00:00,0.005,0.425,≥$13B
2025-09-17 18:21:48+00:00,0.007,0.665,≥$13B
2025-09-17 19:17:26+00:00,0.0031,0.31,≥$13B
2025-09-17 19:17:26+00:00,0.003,0.27,≥$13B
2025-09-17 19:22:16+00:00,0.002,0.006553,≥$13B
2025-09-17 19:22:16+00:00,0.003,0.03,≥$13B
2025-09-17 19:22:20+00:00,0.002,0.035025,≥$13B
2025-09-17 19:22:20+00:00,0.003,0.0375,≥$13B
2025-09-17 19:22:52+00:00,0.002,0.2584,≥$13B
2025-09-17 19:22:52+00:00,0.002,0.3,≥$13B
2025-09-17 19:36:20+00:00,0.002,0.6,≥$13B
2025-09-17 19:36:52+00:00,0.001,0.01,≥$13B
2025-09-17 19:36:52+00:00,0.001,0.01,≥$13B
2025-09-17 19:37:00+00:00,0.001,0.02,≥$13B
2025-09-17 19:37:52+00:00,0.002,0.02,≥$13B
2025-09-17 19:37:52+00:00,0.002,0.038,≥$13B
2025-09-17 19:37:52+00:00,0.002,0.02,≥$13B
2025-09-17 19:37:54+00:00,0.002,0.01142,≥$13B
2025-09-17 19:40:12+00:00,0.002,0.04,≥$13B
2025-09-17 19:40:42+00:00,0.002,0.1,≥$13B
2025-09-17 19:41:04+00:00,0.002,0.1,≥$13B
2025-09-17 19:41:48+00:00,0.002,0.27058,≥$13B
2025-09-17 19:42:28+00:00,0.001,0.04,≥$13B
2025-09-17 19:42:28+00:00,0.001,0.01,≥$13B
2025-09-17 19:42:48+00:00,0.001,0.021,≥$13B
2025-09-17 19:42:48+00:00,0.001,0.005,≥$13B
2025-09-17 19:43:14+00:00,0.001,0.01,≥$13B
2025-09-17 19:43:14+00:00,0.001,0.01,≥$13B
2025-09-17 19:43:14+00:00,0.001,0.02747,≥$13B
2025-09-17 19:44:06+00:00,0.001,0.05,≥$13B
2025-09-17 19:44:06+00:00,0.001,0.01,≥$13B
2025-09-17 19:44:06+00:00,0.001,0.01,≥$13B
2025-09-17 19:44:28+00:00,0.001,0.026,≥$13B
2025-09-17 19:45:04+00:00,0.001,0.111,≥$13B
2025-09-17 19:45:04+00:00,0.001,0.111,≥$13B
2025-09-17 19:52:38+00:00,0.001,0.02,≥$13B
2025-09-17 19:52:38+00:00,0.001,0.022,≥$13B
2025-09-17 19:55:14+00:00,0.001,0.01001,≥$13B
2025-09-17 19:56:24+00:00,0.001,0.00999,≥$13B
2025-09-17 20:30:40+00:00,0.001,0.01,≥$13B
2025-09-17 20:30:40+00:00,0.001,0.01,≥$13B
2025-09-17 20:30:40+00:00,0.001,0.01,≥$13B
2025-09-17 20:30:40+00:00,0.001,0.01,≥$13B
2025-09-17 20:45:22+00:00,0.001,0.02,≥$13B
2025-09-17 21:43:26+00:00,0.001,0.04929,≥$13B
2025-09-17 21:59:42+00:00,0.001,0.02,≥$13B
2025-09-17 23:41:56+00:00,0.001,0.25,≥$13B
